date_key,full_date,year,quarter,month,month_name,week,day,day_name,day_of_year,is_weekend,is_holiday,holiday_name
20130101,2013-01-01,2013,1,1,January,1,1,Tuesday,1,0,1,New Year's Day
20130102,2013-01-02,2013,1,1,January,1,2,Wednesday,2,0,0,
20130103,2013-01-03,2013,1,1,January,1,3,Thursday,3,0,0,
20130104,2013-01-04,2013,1,1,January,1,4,Friday,4,0,0,
20130105,2013-01-05,2013,1,1,January,1,5,Saturday,5,1,0,
20130106,2013-01-06,2013,1,1,January,1,6,Sunday,6,1,0,
20130107,2013-01-07,2013,1,1,January,2,7,Monday,7,0,0,
20130108,2013-01-08,2013,1,1,January,2,8,Tuesday,8,0,0,
20130109,2013-01-09,2013,1,1,January,2,9,Wednesday,9,0,0,
20130110,2013-01-10,2013,1,1,January,2,10,Thursday,10,0,0,
20130111,2013-01-11,2013,1,1,January,2,11,Friday,11,0,0,
20130112,2013-01-12,2013,1,1,January,2,12,Saturday,12,1,0,
20130113,2013-01-13,2013,1,1,January,2,13,Sunday,13,1,0,
20130114,2013-01-14,2013,1,1,January,3,14,Monday,14,0,0,
20130115,2013-01-15,2013,1,1,January,3,15,Tuesday,15,0,0,
20130116,2013-01-16,2013,1,1,January,3,16,Wednesday,16,0,0,
20130117,2013-01-17,2013,1,1,January,3,17,Thursday,17,0,0,
20130118,2013-01-18,2013,1,1,January,3,18,Friday,18,0,0,
20130119,2013-01-19,2013,1,1,January,3,19,Saturday,19,1,0,
20130120,2013-01-20,2013,1,1,January,3,20,Sunday,20,1,0,
20130121,2013-01-21,2013,1,1,January,4,21,Monday,21,0,1,Martin Luther King Jr. Day
20130122,2013-01-22,2013,1,1,January,4,22,Tuesday,22,0,0,
20130123,2013-01-23,2013,1,1,January,4,23,Wednesday,23,0,0,
20130124,2013-01-24,2013,1,1,January,4,24,Thursday,24,0,0,
20130125,2013-01-25,2013,1,1,January,4,25,Friday,25,0,0,
20130126,2013-01-26,2013,1,1,January,4,26,Saturday,26,1,0,
20130127,2013-01-27,2013,1,1,January,4,27,Sunday,27,1,0,
20130128,2013-01-28,2013,1,1,January,5,28,Monday,28,0,0,
20130129,2013-01-29,2013,1,1,January,5,29,Tuesday,29,0,0,
20130130,2013-01-30,2013,1,1,January,5,30,Wednesday,30,0,0,
20130131,2013-01-31,2013,1,1,January,5,31,Thursday,31,0,0,
20130201,2013-02-01,2013,1,2,February,5,1,Friday,32,0,0,
20130202,2013-02-02,2013,1,2,February,5,2,Saturday,33,1,0,
20130203,2013-02-03,2013,1,2,February,5,3,Sunday,34,1,0,
20130204,2013-02-04,2013,1,2,February,6,4,Monday,35,0,0,
20130205,2013-02-05,2013,1,2,February,6,5,Tuesday,36,0,0,
20130206,2013-02-06,2013,1,2,February,6,6,Wednesday,37,0,0,
20130207,2013-02-07,2013,1,2,February,6,7,Thursday,38,0,0,
20130208,2013-02-08,2013,1,2,February,6,8,Friday,39,0,0,
20130209,2013-02-09,2013,1,2,February,6,9,Saturday,40,1,0,
20130210,2013-02-10,2013,1,2,February,6,10,Sunday,41,1,0,
20130211,2013-02-11,2013,1,2,February,7,11,Monday,42,0,0,
20130212,2013-02-12,2013,1,2,February,7,12,Tuesday,43,0,0,
20130213,2013-02-13,2013,1,2,February,7,13,Wednesday,44,0,0,
20130214,2013-02-14,2013,1,2,February,7,14,Thursday,45,0,0,
20130215,2013-02-15,2013,1,2,February,7,15,Friday,46,0,0,
20130216,2013-02-16,2013,1,2,February,7,16,Saturday,47,1,0,
20130217,2013-02-17,2013,1,2,February,7,17,Sunday,48,1,0,
20130218,2013-02-18,2013,1,2,February,8,18,Monday,49,0,1,Washington's Birthday
20130219,2013-02-19,2013,1,2,February,8,19,Tuesday,50,0,0,
20130220,2013-02-20,2013,1,2,February,8,20,Wednesday,51,0,0,
20130221,2013-02-21,2013,1,2,February,8,21,Thursday,52,0,0,
20130222,2013-02-22,2013,1,2,February,8,22,Friday,53,0,0,
20130223,2013-02-23,2013,1,2,February,8,23,Saturday,54,1,0,
20130224,2013-02-24,2013,1,2,February,8,24,Sunday,55,1,0,
20130225,2013-02-25,2013,1,2,February,9,25,Monday,56,0,0,
20130226,2013-02-26,2013,1,2,February,9,26,Tuesday,57,0,0,
20130227,2013-02-27,2013,1,2,February,9,27,Wednesday,58,0,0,
20130228,2013-02-28,2013,1,2,February,9,28,Thursday,59,0,0,
20130301,2013-03-01,2013,1,3,March,9,1,Friday,60,0,0,
20130302,2013-03-02,2013,1,3,March,9,2,Saturday,61,1,0,
20130303,2013-03-03,2013,1,3,March,9,3,Sunday,62,1,0,
20130304,2013-03-04,2013,1,3,March,10,4,Monday,63,0,0,
20130305,2013-03-05,2013,1,3,March,10,5,Tuesday,64,0,0,
20130306,2013-03-06,2013,1,3,March,10,6,Wednesday,65,0,0,
20130307,2013-03-07,2013,1,3,March,10,7,Thursday,66,0,0,
20130308,2013-03-08,2013,1,3,March,10,8,Friday,67,0,0,
20130309,2013-03-09,2013,1,3,March,10,9,Saturday,68,1,0,
20130310,2013-03-10,2013,1,3,March,10,10,Sunday,69,1,0,
20130311,2013-03-11,2013,1,3,March,11,11,Monday,70,0,0,
20130312,2013-03-12,2013,1,3,March,11,12,Tuesday,71,0,0,
20130313,2013-03-13,2013,1,3,March,11,13,Wednesday,72,0,0,
20130314,2013-03-14,2013,1,3,March,11,14,Thursday,73,0,0,
20130315,2013-03-15,2013,1,3,March,11,15,Friday,74,0,0,
20130316,2013-03-16,2013,1,3,March,11,16,Saturday,75,1,0,
20130317,2013-03-17,2013,1,3,March,11,17,Sunday,76,1,0,
20130318,2013-03-18,2013,1,3,March,12,18,Monday,77,0,0,
20130319,2013-03-19,2013,1,3,March,12,19,Tuesday,78,0,0,
20130320,2013-03-20,2013,1,3,March,12,20,Wednesday,79,0,0,
20130321,2013-03-21,2013,1,3,March,12,21,Thursday,80,0,0,
20130322,2013-03-22,2013,1,3,March,12,22,Friday,81,0,0,
20130323,2013-03-23,2013,1,3,March,12,23,Saturday,82,1,0,
20130324,2013-03-24,2013,1,3,March,12,24,Sunday,83,1,0,
20130325,2013-03-25,2013,1,3,March,13,25,Monday,84,0,0,
20130326,2013-03-26,2013,1,3,March,13,26,Tuesday,85,0,0,
20130327,2013-03-27,2013,1,3,March,13,27,Wednesday,86,0,0,
20130328,2013-03-28,2013,1,3,March,13,28,Thursday,87,0,0,
20130329,2013-03-29,2013,1,3,March,13,29,Friday,88,0,0,
20130330,2013-03-30,2013,1,3,March,13,30,Saturday,89,1,0,
20130331,2013-03-31,2013,1,3,March,13,31,Sunday,90,1,0,
20130401,2013-04-01,2013,2,4,April,14,1,Monday,91,0,0,
20130402,2013-04-02,2013,2,4,April,14,2,Tuesday,92,0,0,
20130403,2013-04-03,2013,2,4,April,14,3,Wednesday,93,0,0,
20130404,2013-04-04,2013,2,4,April,14,4,Thursday,94,0,0,
20130405,2013-04-05,2013,2,4,April,14,5,Friday,95,0,0,
20130406,2013-04-06,2013,2,4,April,14,6,Saturday,96,1,0,
20130407,2013-04-07,2013,2,4,April,14,7,Sunday,97,1,0,
20130408,2013-04-08,2013,2,4,April,15,8,Monday,98,0,0,
20130409,2013-04-09,2013,2,4,April,15,9,Tuesday,99,0,0,
20130410,2013-04-10,2013,2,4,April,15,10,Wednesday,100,0,0,
20130411,2013-04-11,2013,2,4,April,15,11,Thursday,101,0,0,
20130412,2013-04-12,2013,2,4,April,15,12,Friday,102,0,0,
20130413,2013-04-13,2013,2,4,April,15,13,Saturday,103,1,0,
20130414,2013-04-14,2013,2,4,April,15,14,Sunday,104,1,0,
20130415,2013-04-15,2013,2,4,April,16,15,Monday,105,0,0,
20130416,2013-04-16,2013,2,4,April,16,16,Tuesday,106,0,0,
20130417,2013-04-17,2013,2,4,April,16,17,Wednesday,107,0,0,
20130418,2013-04-18,2013,2,4,April,16,18,Thursday,108,0,0,
20130419,2013-04-19,2013,2,4,April,16,19,Friday,109,0,0,
20130420,2013-04-20,2013,2,4,April,16,20,Saturday,110,1,0,
20130421,2013-04-21,2013,2,4,April,16,21,Sunday,111,1,0,
20130422,2013-04-22,2013,2,4,April,17,22,Monday,112,0,0,
20130423,2013-04-23,2013,2,4,April,17,23,Tuesday,113,0,0,
20130424,2013-04-24,2013,2,4,April,17,24,Wednesday,114,0,0,
20130425,2013-04-25,2013,2,4,April,17,25,Thursday,115,0,0,
20130426,2013-04-26,2013,2,4,April,17,26,Friday,116,0,0,
20130427,2013-04-27,2013,2,4,April,17,27,Saturday,117,1,0,
20130428,2013-04-28,2013,2,4,April,17,28,Sunday,118,1,0,
20130429,2013-04-29,2013,2,4,April,18,29,Monday,119,0,0,
20130430,2013-04-30,2013,2,4,April,18,30,Tuesday,120,0,0,
20130501,2013-05-01,2013,2,5,May,18,1,Wednesday,121,0,0,
20130502,2013-05-02,2013,2,5,May,18,2,Thursday,122,0,0,
20130503,2013-05-03,2013,2,5,May,18,3,Friday,123,0,0,
20130504,2013-05-04,2013,2,5,May,18,4,Saturday,124,1,0,
20130505,2013-05-05,2013,2,5,May,18,5,Sunday,125,1,0,
20130506,2013-05-06,2013,2,5,May,19,6,Monday,126,0,0,
20130507,2013-05-07,2013,2,5,May,19,7,Tuesday,127,0,0,
20130508,2013-05-08,2013,2,5,May,19,8,Wednesday,128,0,0,
20130509,2013-05-09,2013,2,5,May,19,9,Thursday,129,0,0,
20130510,2013-05-10,2013,2,5,May,19,10,Friday,130,0,0,
20130511,2013-05-11,2013,2,5,May,19,11,Saturday,131,1,0,
20130512,2013-05-12,2013,2,5,May,19,12,Sunday,132,1,0,
20130513,2013-05-13,2013,2,5,May,20,13,Monday,133,0,0,
20130514,2013-05-14,2013,2,5,May,20,14,Tuesday,134,0,0,
20130515,2013-05-15,2013,2,5,May,20,15,Wednesday,135,0,0,
20130516,2013-05-16,2013,2,5,May,20,16,Thursday,136,0,0,
20130517,2013-05-17,2013,2,5,May,20,17,Friday,137,0,0,
20130518,2013-05-18,2013,2,5,May,20,18,Saturday,138,1,0,
20130519,2013-05-19,2013,2,5,May,20,19,Sunday,139,1,0,
20130520,2013-05-20,2013,2,5,May,21,20,Monday,140,0,0,
20130521,2013-05-21,2013,2,5,May,21,21,Tuesday,141,0,0,
20130522,2013-05-22,2013,2,5,May,21,22,Wednesday,142,0,0,
20130523,2013-05-23,2013,2,5,May,21,23,Thursday,143,0,0,
20130524,2013-05-24,2013,2,5,May,21,24,Friday,144,0,0,
20130525,2013-05-25,2013,2,5,May,21,25,Saturday,145,1,0,
20130526,2013-05-26,2013,2,5,May,21,26,Sunday,146,1,0,
20130527,2013-05-27,2013,2,5,May,22,27,Monday,147,0,1,Memorial Day
20130528,2013-05-28,2013,2,5,May,22,28,Tuesday,148,0,0,
20130529,2013-05-29,2013,2,5,May,22,29,Wednesday,149,0,0,
20130530,2013-05-30,2013,2,5,May,22,30,Thursday,150,0,0,
20130531,2013-05-31,2013,2,5,May,22,31,Friday,151,0,0,
20130601,2013-06-01,2013,2,6,June,22,1,Saturday,152,1,0,
20130602,2013-06-02,2013,2,6,June,22,2,Sunday,153,1,0,
20130603,2013-06-03,2013,2,6,June,23,3,Monday,154,0,0,
20130604,2013-06-04,2013,2,6,June,23,4,Tuesday,155,0,0,
20130605,2013-06-05,2013,2,6,June,23,5,Wednesday,156,0,0,
20130606,2013-06-06,2013,2,6,June,23,6,Thursday,157,0,0,
20130607,2013-06-07,2013,2,6,June,23,7,Friday,158,0,0,
20130608,2013-06-08,2013,2,6,June,23,8,Saturday,159,1,0,
20130609,2013-06-09,2013,2,6,June,23,9,Sunday,160,1,0,
20130610,2013-06-10,2013,2,6,June,24,10,Monday,161,0,0,
20130611,2013-06-11,2013,2,6,June,24,11,Tuesday,162,0,0,
20130612,2013-06-12,2013,2,6,June,24,12,Wednesday,163,0,0,
20130613,2013-06-13,2013,2,6,June,24,13,Thursday,164,0,0,
20130614,2013-06-14,2013,2,6,June,24,14,Friday,165,0,0,
20130615,2013-06-15,2013,2,6,June,24,15,Saturday,166,1,0,
20130616,2013-06-16,2013,2,6,June,24,16,Sunday,167,1,0,
20130617,2013-06-17,2013,2,6,June,25,17,Monday,168,0,0,
20130618,2013-06-18,2013,2,6,June,25,18,Tuesday,169,0,0,
20130619,2013-06-19,2013,2,6,June,25,19,Wednesday,170,0,0,
20130620,2013-06-20,2013,2,6,June,25,20,Thursday,171,0,0,
20130621,2013-06-21,2013,2,6,June,25,21,Friday,172,0,0,
20130622,2013-06-22,2013,2,6,June,25,22,Saturday,173,1,0,
20130623,2013-06-23,2013,2,6,June,25,23,Sunday,174,1,0,
20130624,2013-06-24,2013,2,6,June,26,24,Monday,175,0,0,
20130625,2013-06-25,2013,2,6,June,26,25,Tuesday,176,0,0,
20130626,2013-06-26,2013,2,6,June,26,26,Wednesday,177,0,0,
20130627,2013-06-27,2013,2,6,June,26,27,Thursday,178,0,0,
20130628,2013-06-28,2013,2,6,June,26,28,Friday,179,0,0,
20130629,2013-06-29,2013,2,6,June,26,29,Saturday,180,1,0,
20130630,2013-06-30,2013,2,6,June,26,30,Sunday,181,1,0,
20130701,2013-07-01,2013,3,7,July,27,1,Monday,182,0,0,
20130702,2013-07-02,2013,3,7,July,27,2,Tuesday,183,0,0,
20130703,2013-07-03,2013,3,7,July,27,3,Wednesday,184,0,0,
20130704,2013-07-04,2013,3,7,July,27,4,Thursday,185,0,1,Independence Day
20130705,2013-07-05,2013,3,7,July,27,5,Friday,186,0,0,
20130706,2013-07-06,2013,3,7,July,27,6,Saturday,187,1,0,
20130707,2013-07-07,2013,3,7,July,27,7,Sunday,188,1,0,
20130708,2013-07-08,2013,3,7,July,28,8,Monday,189,0,0,
20130709,2013-07-09,2013,3,7,July,28,9,Tuesday,190,0,0,
20130710,2013-07-10,2013,3,7,July,28,10,Wednesday,191,0,0,
20130711,2013-07-11,2013,3,7,July,28,11,Thursday,192,0,0,
20130712,2013-07-12,2013,3,7,July,28,12,Friday,193,0,0,
20130713,2013-07-13,2013,3,7,July,28,13,Saturday,194,1,0,
20130714,2013-07-14,2013,3,7,July,28,14,Sunday,195,1,0,
20130715,2013-07-15,2013,3,7,July,29,15,Monday,196,0,0,
20130716,2013-07-16,2013,3,7,July,29,16,Tuesday,197,0,0,
20130717,2013-07-17,2013,3,7,July,29,17,Wednesday,198,0,0,
20130718,2013-07-18,2013,3,7,July,29,18,Thursday,199,0,0,
20130719,2013-07-19,2013,3,7,July,29,19,Friday,200,0,0,
20130720,2013-07-20,2013,3,7,July,29,20,Saturday,201,1,0,
20130721,2013-07-21,2013,3,7,July,29,21,Sunday,202,1,0,
20130722,2013-07-22,2013,3,7,July,30,22,Monday,203,0,0,
20130723,2013-07-23,2013,3,7,July,30,23,Tuesday,204,0,0,
20130724,2013-07-24,2013,3,7,July,30,24,Wednesday,205,0,0,
20130725,2013-07-25,2013,3,7,July,30,25,Thursday,206,0,0,
20130726,2013-07-26,2013,3,7,July,30,26,Friday,207,0,0,
20130727,2013-07-27,2013,3,7,July,30,27,Saturday,208,1,0,
20130728,2013-07-28,2013,3,7,July,30,28,Sunday,209,1,0,
20130729,2013-07-29,2013,3,7,July,31,29,Monday,210,0,0,
20130730,2013-07-30,2013,3,7,July,31,30,Tuesday,211,0,0,
20130731,2013-07-31,2013,3,7,July,31,31,Wednesday,212,0,0,
20130801,2013-08-01,2013,3,8,August,31,1,Thursday,213,0,0,
20130802,2013-08-02,2013,3,8,August,31,2,Friday,214,0,0,
20130803,2013-08-03,2013,3,8,August,31,3,Saturday,215,1,0,
20130804,2013-08-04,2013,3,8,August,31,4,Sunday,216,1,0,
20130805,2013-08-05,2013,3,8,August,32,5,Monday,217,0,0,
20130806,2013-08-06,2013,3,8,August,32,6,Tuesday,218,0,0,
20130807,2013-08-07,2013,3,8,August,32,7,Wednesday,219,0,0,
20130808,2013-08-08,2013,3,8,August,32,8,Thursday,220,0,0,
20130809,2013-08-09,2013,3,8,August,32,9,Friday,221,0,0,
20130810,2013-08-10,2013,3,8,August,32,10,Saturday,222,1,0,
20130811,2013-08-11,2013,3,8,August,32,11,Sunday,223,1,0,
20130812,2013-08-12,2013,3,8,August,33,12,Monday,224,0,0,
20130813,2013-08-13,2013,3,8,August,33,13,Tuesday,225,0,0,
20130814,2013-08-14,2013,3,8,August,33,14,Wednesday,226,0,0,
20130815,2013-08-15,2013,3,8,August,33,15,Thursday,227,0,0,
20130816,2013-08-16,2013,3,8,August,33,16,Friday,228,0,0,
20130817,2013-08-17,2013,3,8,August,33,17,Saturday,229,1,0,
20130818,2013-08-18,2013,3,8,August,33,18,Sunday,230,1,0,
20130819,2013-08-19,2013,3,8,August,34,19,Monday,231,0,0,
20130820,2013-08-20,2013,3,8,August,34,20,Tuesday,232,0,0,
20130821,2013-08-21,2013,3,8,August,34,21,Wednesday,233,0,0,
20130822,2013-08-22,2013,3,8,August,34,22,Thursday,234,0,0,
20130823,2013-08-23,2013,3,8,August,34,23,Friday,235,0,0,
20130824,2013-08-24,2013,3,8,August,34,24,Saturday,236,1,0,
20130825,2013-08-25,2013,3,8,August,34,25,Sunday,237,1,0,
20130826,2013-08-26,2013,3,8,August,35,26,Monday,238,0,0,
20130827,2013-08-27,2013,3,8,August,35,27,Tuesday,239,0,0,
20130828,2013-08-28,2013,3,8,August,35,28,Wednesday,240,0,0,
20130829,2013-08-29,2013,3,8,August,35,29,Thursday,241,0,0,
20130830,2013-08-30,2013,3,8,August,35,30,Friday,242,0,0,
20130831,2013-08-31,2013,3,8,August,35,31,Saturday,243,1,0,
20130901,2013-09-01,2013,3,9,September,35,1,Sunday,244,1,0,
20130902,2013-09-02,2013,3,9,September,36,2,Monday,245,0,1,Labor Day
20130903,2013-09-03,2013,3,9,September,36,3,Tuesday,246,0,0,
20130904,2013-09-04,2013,3,9,September,36,4,Wednesday,247,0,0,
20130905,2013-09-05,2013,3,9,September,36,5,Thursday,248,0,0,
20130906,2013-09-06,2013,3,9,September,36,6,Friday,249,0,0,
20130907,2013-09-07,2013,3,9,September,36,7,Saturday,250,1,0,
20130908,2013-09-08,2013,3,9,September,36,8,Sunday,251,1,0,
20130909,2013-09-09,2013,3,9,September,37,9,Monday,252,0,0,
20130910,2013-09-10,2013,3,9,September,37,10,Tuesday,253,0,0,
20130911,2013-09-11,2013,3,9,September,37,11,Wednesday,254,0,0,
20130912,2013-09-12,2013,3,9,September,37,12,Thursday,255,0,0,
20130913,2013-09-13,2013,3,9,September,37,13,Friday,256,0,0,
20130914,2013-09-14,2013,3,9,September,37,14,Saturday,257,1,0,
20130915,2013-09-15,2013,3,9,September,37,15,Sunday,258,1,0,
20130916,2013-09-16,2013,3,9,September,38,16,Monday,259,0,0,
20130917,2013-09-17,2013,3,9,September,38,17,Tuesday,260,0,0,
20130918,2013-09-18,2013,3,9,September,38,18,Wednesday,261,0,0,
20130919,2013-09-19,2013,3,9,September,38,19,Thursday,262,0,0,
20130920,2013-09-20,2013,3,9,September,38,20,Friday,263,0,0,
20130921,2013-09-21,2013,3,9,September,38,21,Saturday,264,1,0,
20130922,2013-09-22,2013,3,9,September,38,22,Sunday,265,1,0,
20130923,2013-09-23,2013,3,9,September,39,23,Monday,266,0,0,
20130924,2013-09-24,2013,3,9,September,39,24,Tuesday,267,0,0,
20130925,2013-09-25,2013,3,9,September,39,25,Wednesday,268,0,0,
20130926,2013-09-26,2013,3,9,September,39,26,Thursday,269,0,0,
20130927,2013-09-27,2013,3,9,September,39,27,Friday,270,0,0,
20130928,2013-09-28,2013,3,9,September,39,28,Saturday,271,1,0,
20130929,2013-09-29,2013,3,9,September,39,29,Sunday,272,1,0,
20130930,2013-09-30,2013,3,9,September,40,30,Monday,273,0,0,
20131001,2013-10-01,2013,4,10,October,40,1,Tuesday,274,0,0,
20131002,2013-10-02,2013,4,10,October,40,2,Wednesday,275,0,0,
20131003,2013-10-03,2013,4,10,October,40,3,Thursday,276,0,0,
20131004,2013-10-04,2013,4,10,October,40,4,Friday,277,0,0,
20131005,2013-10-05,2013,4,10,October,40,5,Saturday,278,1,0,
20131006,2013-10-06,2013,4,10,October,40,6,Sunday,279,1,0,
20131007,2013-10-07,2013,4,10,October,41,7,Monday,280,0,0,
20131008,2013-10-08,2013,4,10,October,41,8,Tuesday,281,0,0,
20131009,2013-10-09,2013,4,10,October,41,9,Wednesday,282,0,0,
20131010,2013-10-10,2013,4,10,October,41,10,Thursday,283,0,0,
20131011,2013-10-11,2013,4,10,October,41,11,Friday,284,0,0,
20131012,2013-10-12,2013,4,10,October,41,12,Saturday,285,1,0,
20131013,2013-10-13,2013,4,10,October,41,13,Sunday,286,1,0,
20131014,2013-10-14,2013,4,10,October,42,14,Monday,287,0,1,Columbus Day
20131015,2013-10-15,2013,4,10,October,42,15,Tuesday,288,0,0,
20131016,2013-10-16,2013,4,10,October,42,16,Wednesday,289,0,0,
20131017,2013-10-17,2013,4,10,October,42,17,Thursday,290,0,0,
20131018,2013-10-18,2013,4,10,October,42,18,Friday,291,0,0,
20131019,2013-10-19,2013,4,10,October,42,19,Saturday,292,1,0,
20131020,2013-10-20,2013,4,10,October,42,20,Sunday,293,1,0,
20131021,2013-10-21,2013,4,10,October,43,21,Monday,294,0,0,
20131022,2013-10-22,2013,4,10,October,43,22,Tuesday,295,0,0,
20131023,2013-10-23,2013,4,10,October,43,23,Wednesday,296,0,0,
20131024,2013-10-24,2013,4,10,October,43,24,Thursday,297,0,0,
20131025,2013-10-25,2013,4,10,October,43,25,Friday,298,0,0,
20131026,2013-10-26,2013,4,10,October,43,26,Saturday,299,1,0,
20131027,2013-10-27,2013,4,10,October,43,27,Sunday,300,1,0,
20131028,2013-10-28,2013,4,10,October,44,28,Monday,301,0,0,
20131029,2013-10-29,2013,4,10,October,44,29,Tuesday,302,0,0,
20131030,2013-10-30,2013,4,10,October,44,30,Wednesday,303,0,0,
20131031,2013-10-31,2013,4,10,October,44,31,Thursday,304,0,0,
20131101,2013-11-01,2013,4,11,November,44,1,Friday,305,0,0,
20131102,2013-11-02,2013,4,11,November,44,2,Saturday,306,1,0,
20131103,2013-11-03,2013,4,11,November,44,3,Sunday,307,1,0,
20131104,2013-11-04,2013,4,11,November,45,4,Monday,308,0,0,
20131105,2013-11-05,2013,4,11,November,45,5,Tuesday,309,0,0,
20131106,2013-11-06,2013,4,11,November,45,6,Wednesday,310,0,0,
20131107,2013-11-07,2013,4,11,November,45,7,Thursday,311,0,0,
20131108,2013-11-08,2013,4,11,November,45,8,Friday,312,0,0,
20131109,2013-11-09,2013,4,11,November,45,9,Saturday,313,1,0,
20131110,2013-11-10,2013,4,11,November,45,10,Sunday,314,1,0,
20131111,2013-11-11,2013,4,11,November,46,11,Monday,315,0,1,Veterans Day
20131112,2013-11-12,2013,4,11,November,46,12,Tuesday,316,0,0,
20131113,2013-11-13,2013,4,11,November,46,13,Wednesday,317,0,0,
20131114,2013-11-14,2013,4,11,November,46,14,Thursday,318,0,0,
20131115,2013-11-15,2013,4,11,November,46,15,Friday,319,0,0,
20131116,2013-11-16,2013,4,11,November,46,16,Saturday,320,1,0,
20131117,2013-11-17,2013,4,11,November,46,17,Sunday,321,1,0,
20131118,2013-11-18,2013,4,11,November,47,18,Monday,322,0,0,
20131119,2013-11-19,2013,4,11,November,47,19,Tuesday,323,0,0,
20131120,2013-11-20,2013,4,11,November,47,20,Wednesday,324,0,0,
20131121,2013-11-21,2013,4,11,November,47,21,Thursday,325,0,0,
20131122,2013-11-22,2013,4,11,November,47,22,Friday,326,0,0,
20131123,2013-11-23,2013,4,11,November,47,23,Saturday,327,1,0,
20131124,2013-11-24,2013,4,11,November,47,24,Sunday,328,1,0,
20131125,2013-11-25,2013,4,11,November,48,25,Monday,329,0,0,
20131126,2013-11-26,2013,4,11,November,48,26,Tuesday,330,0,0,
20131127,2013-11-27,2013,4,11,November,48,27,Wednesday,331,0,0,
20131128,2013-11-28,2013,4,11,November,48,28,Thursday,332,0,1,Thanksgiving Day
20131129,2013-11-29,2013,4,11,November,48,29,Friday,333,0,0,
20131130,2013-11-30,2013,4,11,November,48,30,Saturday,334,1,0,
20131201,2013-12-01,2013,4,12,December,48,1,Sunday,335,1,0,
20131202,2013-12-02,2013,4,12,December,49,2,Monday,336,0,0,
20131203,2013-12-03,2013,4,12,December,49,3,Tuesday,337,0,0,
20131204,2013-12-04,2013,4,12,December,49,4,Wednesday,338,0,0,
20131205,2013-12-05,2013,4,12,December,49,5,Thursday,339,0,0,
20131206,2013-12-06,2013,4,12,December,49,6,Friday,340,0,0,
20131207,2013-12-07,2013,4,12,December,49,7,Saturday,341,1,0,
20131208,2013-12-08,2013,4,12,December,49,8,Sunday,342,1,0,
20131209,2013-12-09,2013,4,12,December,50,9,Monday,343,0,0,
20131210,2013-12-10,2013,4,12,December,50,10,Tuesday,344,0,0,
20131211,2013-12-11,2013,4,12,December,50,11,Wednesday,345,0,0,
20131212,2013-12-12,2013,4,12,December,50,12,Thursday,346,0,0,
20131213,2013-12-13,2013,4,12,December,50,13,Friday,347,0,0,
20131214,2013-12-14,2013,4,12,December,50,14,Saturday,348,1,0,
20131215,2013-12-15,2013,4,12,December,50,15,Sunday,349,1,0,
20131216,2013-12-16,2013,4,12,December,51,16,Monday,350,0,0,
20131217,2013-12-17,2013,4,12,December,51,17,Tuesday,351,0,0,
20131218,2013-12-18,2013,4,12,December,51,18,Wednesday,352,0,0,
20131219,2013-12-19,2013,4,12,December,51,19,Thursday,353,0,0,
20131220,2013-12-20,2013,4,12,December,51,20,Friday,354,0,0,
20131221,2013-12-21,2013,4,12,December,51,21,Saturday,355,1,0,
20131222,2013-12-22,2013,4,12,December,51,22,Sunday,356,1,0,
20131223,2013-12-23,2013,4,12,December,52,23,Monday,357,0,0,
20131224,2013-12-24,2013,4,12,December,52,24,Tuesday,358,0,0,
20131225,2013-12-25,2013,4,12,December,52,25,Wednesday,359,0,1,Christmas Day
20131226,2013-12-26,2013,4,12,December,52,26,Thursday,360,0,0,
20131227,2013-12-27,2013,4,12,December,52,27,Friday,361,0,0,
20131228,2013-12-28,2013,4,12,December,52,28,Saturday,362,1,0,
20131229,2013-12-29,2013,4,12,December,52,29,Sunday,363,1,0,
20131230,2013-12-30,2013,4,12,December,1,30,Monday,364,0,0,
20131231,2013-12-31,2013,4,12,December,1,31,Tuesday,365,0,0,
20140101,2014-01-01,2014,1,1,January,1,1,Wednesday,1,0,1,New Year's Day
20140102,2014-01-02,2014,1,1,January,1,2,Thursday,2,0,0,
20140103,2014-01-03,2014,1,1,January,1,3,Friday,3,0,0,
20140104,2014-01-04,2014,1,1,January,1,4,Saturday,4,1,0,
20140105,2014-01-05,2014,1,1,January,1,5,Sunday,5,1,0,
20140106,2014-01-06,2014,1,1,January,2,6,Monday,6,0,0,
20140107,2014-01-07,2014,1,1,January,2,7,Tuesday,7,0,0,
20140108,2014-01-08,2014,1,1,January,2,8,Wednesday,8,0,0,
20140109,2014-01-09,2014,1,1,January,2,9,Thursday,9,0,0,
20140110,2014-01-10,2014,1,1,January,2,10,Friday,10,0,0,
20140111,2014-01-11,2014,1,1,January,2,11,Saturday,11,1,0,
20140112,2014-01-12,2014,1,1,January,2,12,Sunday,12,1,0,
20140113,2014-01-13,2014,1,1,January,3,13,Monday,13,0,0,
20140114,2014-01-14,2014,1,1,January,3,14,Tuesday,14,0,0,
20140115,2014-01-15,2014,1,1,January,3,15,Wednesday,15,0,0,
20140116,2014-01-16,2014,1,1,January,3,16,Thursday,16,0,0,
20140117,2014-01-17,2014,1,1,January,3,17,Friday,17,0,0,
20140118,2014-01-18,2014,1,1,January,3,18,Saturday,18,1,0,
20140119,2014-01-19,2014,1,1,January,3,19,Sunday,19,1,0,
20140120,2014-01-20,2014,1,1,January,4,20,Monday,20,0,1,Martin Luther King Jr. Day
20140121,2014-01-21,2014,1,1,January,4,21,Tuesday,21,0,0,
20140122,2014-01-22,2014,1,1,January,4,22,Wednesday,22,0,0,
20140123,2014-01-23,2014,1,1,January,4,23,Thursday,23,0,0,
20140124,2014-01-24,2014,1,1,January,4,24,Friday,24,0,0,
20140125,2014-01-25,2014,1,1,January,4,25,Saturday,25,1,0,
20140126,2014-01-26,2014,1,1,January,4,26,Sunday,26,1,0,
20140127,2014-01-27,2014,1,1,January,5,27,Monday,27,0,0,
20140128,2014-01-28,2014,1,1,January,5,28,Tuesday,28,0,0,
20140129,2014-01-29,2014,1,1,January,5,29,Wednesday,29,0,0,
20140130,2014-01-30,2014,1,1,January,5,30,Thursday,30,0,0,
20140131,2014-01-31,2014,1,1,January,5,31,Friday,31,0,0,
20140201,2014-02-01,2014,1,2,February,5,1,Saturday,32,1,0,
20140202,2014-02-02,2014,1,2,February,5,2,Sunday,33,1,0,
20140203,2014-02-03,2014,1,2,February,6,3,Monday,34,0,0,
20140204,2014-02-04,2014,1,2,February,6,4,Tuesday,35,0,0,
20140205,2014-02-05,2014,1,2,February,6,5,Wednesday,36,0,0,
20140206,2014-02-06,2014,1,2,February,6,6,Thursday,37,0,0,
20140207,2014-02-07,2014,1,2,February,6,7,Friday,38,0,0,
20140208,2014-02-08,2014,1,2,February,6,8,Saturday,39,1,0,
20140209,2014-02-09,2014,1,2,February,6,9,Sunday,40,1,0,
20140210,2014-02-10,2014,1,2,February,7,10,Monday,41,0,0,
20140211,2014-02-11,2014,1,2,February,7,11,Tuesday,42,0,0,
20140212,2014-02-12,2014,1,2,February,7,12,Wednesday,43,0,0,
20140213,2014-02-13,2014,1,2,February,7,13,Thursday,44,0,0,
20140214,2014-02-14,2014,1,2,February,7,14,Friday,45,0,0,
20140215,2014-02-15,2014,1,2,February,7,15,Saturday,46,1,0,
20140216,2014-02-16,2014,1,2,February,7,16,Sunday,47,1,0,
20140217,2014-02-17,2014,1,2,February,8,17,Monday,48,0,1,Washington's Birthday
20140218,2014-02-18,2014,1,2,February,8,18,Tuesday,49,0,0,
20140219,2014-02-19,2014,1,2,February,8,19,Wednesday,50,0,0,
20140220,2014-02-20,2014,1,2,February,8,20,Thursday,51,0,0,
20140221,2014-02-21,2014,1,2,February,8,21,Friday,52,0,0,
20140222,2014-02-22,2014,1,2,February,8,22,Saturday,53,1,0,
20140223,2014-02-23,2014,1,2,February,8,23,Sunday,54,1,0,
20140224,2014-02-24,2014,1,2,February,9,24,Monday,55,0,0,
20140225,2014-02-25,2014,1,2,February,9,25,Tuesday,56,0,0,
20140226,2014-02-26,2014,1,2,February,9,26,Wednesday,57,0,0,
20140227,2014-02-27,2014,1,2,February,9,27,Thursday,58,0,0,
20140228,2014-02-28,2014,1,2,February,9,28,Friday,59,0,0,
20140301,2014-03-01,2014,1,3,March,9,1,Saturday,60,1,0,
20140302,2014-03-02,2014,1,3,March,9,2,Sunday,61,1,0,
20140303,2014-03-03,2014,1,3,March,10,3,Monday,62,0,0,
20140304,2014-03-04,2014,1,3,March,10,4,Tuesday,63,0,0,
20140305,2014-03-05,2014,1,3,March,10,5,Wednesday,64,0,0,
20140306,2014-03-06,2014,1,3,March,10,6,Thursday,65,0,0,
20140307,2014-03-07,2014,1,3,March,10,7,Friday,66,0,0,
20140308,2014-03-08,2014,1,3,March,10,8,Saturday,67,1,0,
20140309,2014-03-09,2014,1,3,March,10,9,Sunday,68,1,0,
20140310,2014-03-10,2014,1,3,March,11,10,Monday,69,0,0,
20140311,2014-03-11,2014,1,3,March,11,11,Tuesday,70,0,0,
20140312,2014-03-12,2014,1,3,March,11,12,Wednesday,71,0,0,
20140313,2014-03-13,2014,1,3,March,11,13,Thursday,72,0,0,
20140314,2014-03-14,2014,1,3,March,11,14,Friday,73,0,0,
20140315,2014-03-15,2014,1,3,March,11,15,Saturday,74,1,0,
20140316,2014-03-16,2014,1,3,March,11,16,Sunday,75,1,0,
20140317,2014-03-17,2014,1,3,March,12,17,Monday,76,0,0,
20140318,2014-03-18,2014,1,3,March,12,18,Tuesday,77,0,0,
20140319,2014-03-19,2014,1,3,March,12,19,Wednesday,78,0,0,
20140320,2014-03-20,2014,1,3,March,12,20,Thursday,79,0,0,
20140321,2014-03-21,2014,1,3,March,12,21,Friday,80,0,0,
20140322,2014-03-22,2014,1,3,March,12,22,Saturday,81,1,0,
20140323,2014-03-23,2014,1,3,March,12,23,Sunday,82,1,0,
20140324,2014-03-24,2014,1,3,March,13,24,Monday,83,0,0,
20140325,2014-03-25,2014,1,3,March,13,25,Tuesday,84,0,0,
20140326,2014-03-26,2014,1,3,March,13,26,Wednesday,85,0,0,
20140327,2014-03-27,2014,1,3,March,13,27,Thursday,86,0,0,
20140328,2014-03-28,2014,1,3,March,13,28,Friday,87,0,0,
20140329,2014-03-29,2014,1,3,March,13,29,Saturday,88,1,0,
20140330,2014-03-30,2014,1,3,March,13,30,Sunday,89,1,0,
20140331,2014-03-31,2014,1,3,March,14,31,Monday,90,0,0,
20140401,2014-04-01,2014,2,4,April,14,1,Tuesday,91,0,0,
20140402,2014-04-02,2014,2,4,April,14,2,Wednesday,92,0,0,
20140403,2014-04-03,2014,2,4,April,14,3,Thursday,93,0,0,
20140404,2014-04-04,2014,2,4,April,14,4,Friday,94,0,0,
20140405,2014-04-05,2014,2,4,April,14,5,Saturday,95,1,0,
20140406,2014-04-06,2014,2,4,April,14,6,Sunday,96,1,0,
20140407,2014-04-07,2014,2,4,April,15,7,Monday,97,0,0,
20140408,2014-04-08,2014,2,4,April,15,8,Tuesday,98,0,0,
20140409,2014-04-09,2014,2,4,April,15,9,Wednesday,99,0,0,
20140410,2014-04-10,2014,2,4,April,15,10,Thursday,100,0,0,
20140411,2014-04-11,2014,2,4,April,15,11,Friday,101,0,0,
20140412,2014-04-12,2014,2,4,April,15,12,Saturday,102,1,0,
20140413,2014-04-13,2014,2,4,April,15,13,Sunday,103,1,0,
20140414,2014-04-14,2014,2,4,April,16,14,Monday,104,0,0,
20140415,2014-04-15,2014,2,4,April,16,15,Tuesday,105,0,0,
20140416,2014-04-16,2014,2,4,April,16,16,Wednesday,106,0,0,
20140417,2014-04-17,2014,2,4,April,16,17,Thursday,107,0,0,
20140418,2014-04-18,2014,2,4,April,16,18,Friday,108,0,0,
20140419,2014-04-19,2014,2,4,April,16,19,Saturday,109,1,0,
20140420,2014-04-20,2014,2,4,April,16,20,Sunday,110,1,0,
20140421,2014-04-21,2014,2,4,April,17,21,Monday,111,0,0,
20140422,2014-04-22,2014,2,4,April,17,22,Tuesday,112,0,0,
20140423,2014-04-23,2014,2,4,April,17,23,Wednesday,113,0,0,
20140424,2014-04-24,2014,2,4,April,17,24,Thursday,114,0,0,
20140425,2014-04-25,2014,2,4,April,17,25,Friday,115,0,0,
20140426,2014-04-26,2014,2,4,April,17,26,Saturday,116,1,0,
20140427,2014-04-27,2014,2,4,April,17,27,Sunday,117,1,0,
20140428,2014-04-28,2014,2,4,April,18,28,Monday,118,0,0,
20140429,2014-04-29,2014,2,4,April,18,29,Tuesday,119,0,0,
20140430,2014-04-30,2014,2,4,April,18,30,Wednesday,120,0,0,
20140501,2014-05-01,2014,2,5,May,18,1,Thursday,121,0,0,
20140502,2014-05-02,2014,2,5,May,18,2,Friday,122,0,0,
20140503,2014-05-03,2014,2,5,May,18,3,Saturday,123,1,0,
20140504,2014-05-04,2014,2,5,May,18,4,Sunday,124,1,0,
20140505,2014-05-05,2014,2,5,May,19,5,Monday,125,0,0,
20140506,2014-05-06,2014,2,5,May,19,6,Tuesday,126,0,0,
20140507,2014-05-07,2014,2,5,May,19,7,Wednesday,127,0,0,
20140508,2014-05-08,2014,2,5,May,19,8,Thursday,128,0,0,
20140509,2014-05-09,2014,2,5,May,19,9,Friday,129,0,0,
20140510,2014-05-10,2014,2,5,May,19,10,Saturday,130,1,0,
20140511,2014-05-11,2014,2,5,May,19,11,Sunday,131,1,0,
20140512,2014-05-12,2014,2,5,May,20,12,Monday,132,0,0,
20140513,2014-05-13,2014,2,5,May,20,13,Tuesday,133,0,0,
20140514,2014-05-14,2014,2,5,May,20,14,Wednesday,134,0,0,
20140515,2014-05-15,2014,2,5,May,20,15,Thursday,135,0,0,
20140516,2014-05-16,2014,2,5,May,20,16,Friday,136,0,0,
20140517,2014-05-17,2014,2,5,May,20,17,Saturday,137,1,0,
20140518,2014-05-18,2014,2,5,May,20,18,Sunday,138,1,0,
20140519,2014-05-19,2014,2,5,May,21,19,Monday,139,0,0,
20140520,2014-05-20,2014,2,5,May,21,20,Tuesday,140,0,0,
20140521,2014-05-21,2014,2,5,May,21,21,Wednesday,141,0,0,
20140522,2014-05-22,2014,2,5,May,21,22,Thursday,142,0,0,
20140523,2014-05-23,2014,2,5,May,21,23,Friday,143,0,0,
20140524,2014-05-24,2014,2,5,May,21,24,Saturday,144,1,0,
20140525,2014-05-25,2014,2,5,May,21,25,Sunday,145,1,0,
20140526,2014-05-26,2014,2,5,May,22,26,Monday,146,0,1,Memorial Day
20140527,2014-05-27,2014,2,5,May,22,27,Tuesday,147,0,0,
20140528,2014-05-28,2014,2,5,May,22,28,Wednesday,148,0,0,
20140529,2014-05-29,2014,2,5,May,22,29,Thursday,149,0,0,
20140530,2014-05-30,2014,2,5,May,22,30,Friday,150,0,0,
20140531,2014-05-31,2014,2,5,May,22,31,Saturday,151,1,0,
20140601,2014-06-01,2014,2,6,June,22,1,Sunday,152,1,0,
20140602,2014-06-02,2014,2,6,June,23,2,Monday,153,0,0,
20140603,2014-06-03,2014,2,6,June,23,3,Tuesday,154,0,0,
20140604,2014-06-04,2014,2,6,June,23,4,Wednesday,155,0,0,
20140605,2014-06-05,2014,2,6,June,23,5,Thursday,156,0,0,
20140606,2014-06-06,2014,2,6,June,23,6,Friday,157,0,0,
20140607,2014-06-07,2014,2,6,June,23,7,Saturday,158,1,0,
20140608,2014-06-08,2014,2,6,June,23,8,Sunday,159,1,0,
20140609,2014-06-09,2014,2,6,June,24,9,Monday,160,0,0,
20140610,2014-06-10,2014,2,6,June,24,10,Tuesday,161,0,0,
20140611,2014-06-11,2014,2,6,June,24,11,Wednesday,162,0,0,
20140612,2014-06-12,2014,2,6,June,24,12,Thursday,163,0,0,
20140613,2014-06-13,2014,2,6,June,24,13,Friday,164,0,0,
20140614,2014-06-14,2014,2,6,June,24,14,Saturday,165,1,0,
20140615,2014-06-15,2014,2,6,June,24,15,Sunday,166,1,0,
20140616,2014-06-16,2014,2,6,June,25,16,Monday,167,0,0,
20140617,2014-06-17,2014,2,6,June,25,17,Tuesday,168,0,0,
20140618,2014-06-18,2014,2,6,June,25,18,Wednesday,169,0,0,
20140619,2014-06-19,2014,2,6,June,25,19,Thursday,170,0,0,
20140620,2014-06-20,2014,2,6,June,25,20,Friday,171,0,0,
20140621,2014-06-21,2014,2,6,June,25,21,Saturday,172,1,0,
20140622,2014-06-22,2014,2,6,June,25,22,Sunday,173,1,0,
20140623,2014-06-23,2014,2,6,June,26,23,Monday,174,0,0,
20140624,2014-06-24,2014,2,6,June,26,24,Tuesday,175,0,0,
20140625,2014-06-25,2014,2,6,June,26,25,Wednesday,176,0,0,
20140626,2014-06-26,2014,2,6,June,26,26,Thursday,177,0,0,
20140627,2014-06-27,2014,2,6,June,26,27,Friday,178,0,0,
20140628,2014-06-28,2014,2,6,June,26,28,Saturday,179,1,0,
20140629,2014-06-29,2014,2,6,June,26,29,Sunday,180,1,0,
20140630,2014-06-30,2014,2,6,June,27,30,Monday,181,0,0,
20140701,2014-07-01,2014,3,7,July,27,1,Tuesday,182,0,0,
20140702,2014-07-02,2014,3,7,July,27,2,Wednesday,183,0,0,
20140703,2014-07-03,2014,3,7,July,27,3,Thursday,184,0,0,
20140704,2014-07-04,2014,3,7,July,27,4,Friday,185,0,1,Independence Day
20140705,2014-07-05,2014,3,7,July,27,5,Saturday,186,1,0,
20140706,2014-07-06,2014,3,7,July,27,6,Sunday,187,1,0,
20140707,2014-07-07,2014,3,7,July,28,7,Monday,188,0,0,
20140708,2014-07-08,2014,3,7,July,28,8,Tuesday,189,0,0,
20140709,2014-07-09,2014,3,7,July,28,9,Wednesday,190,0,0,
20140710,2014-07-10,2014,3,7,July,28,10,Thursday,191,0,0,
20140711,2014-07-11,2014,3,7,July,28,11,Friday,192,0,0,
20140712,2014-07-12,2014,3,7,July,28,12,Saturday,193,1,0,
20140713,2014-07-13,2014,3,7,July,28,13,Sunday,194,1,0,
20140714,2014-07-14,2014,3,7,July,29,14,Monday,195,0,0,
20140715,2014-07-15,2014,3,7,July,29,15,Tuesday,196,0,0,
20140716,2014-07-16,2014,3,7,July,29,16,Wednesday,197,0,0,
20140717,2014-07-17,2014,3,7,July,29,17,Thursday,198,0,0,
20140718,2014-07-18,2014,3,7,July,29,18,Friday,199,0,0,
20140719,2014-07-19,2014,3,7,July,29,19,Saturday,200,1,0,
20140720,2014-07-20,2014,3,7,July,29,20,Sunday,201,1,0,
20140721,2014-07-21,2014,3,7,July,30,21,Monday,202,0,0,
20140722,2014-07-22,2014,3,7,July,30,22,Tuesday,203,0,0,
20140723,2014-07-23,2014,3,7,July,30,23,Wednesday,204,0,0,
20140724,2014-07-24,2014,3,7,July,30,24,Thursday,205,0,0,
20140725,2014-07-25,2014,3,7,July,30,25,Friday,206,0,0,
20140726,2014-07-26,2014,3,7,July,30,26,Saturday,207,1,0,
20140727,2014-07-27,2014,3,7,July,30,27,Sunday,208,1,0,
20140728,2014-07-28,2014,3,7,July,31,28,Monday,209,0,0,
20140729,2014-07-29,2014,3,7,July,31,29,Tuesday,210,0,0,
20140730,2014-07-30,2014,3,7,July,31,30,Wednesday,211,0,0,
20140731,2014-07-31,2014,3,7,July,31,31,Thursday,212,0,0,
20140801,2014-08-01,2014,3,8,August,31,1,Friday,213,0,0,
20140802,2014-08-02,2014,3,8,August,31,2,Saturday,214,1,0,
20140803,2014-08-03,2014,3,8,August,31,3,Sunday,215,1,0,
20140804,2014-08-04,2014,3,8,August,32,4,Monday,216,0,0,
20140805,2014-08-05,2014,3,8,August,32,5,Tuesday,217,0,0,
20140806,2014-08-06,2014,3,8,August,32,6,Wednesday,218,0,0,
20140807,2014-08-07,2014,3,8,August,32,7,Thursday,219,0,0,
20140808,2014-08-08,2014,3,8,August,32,8,Friday,220,0,0,
20140809,2014-08-09,2014,3,8,August,32,9,Saturday,221,1,0,
20140810,2014-08-10,2014,3,8,August,32,10,Sunday,222,1,0,
20140811,2014-08-11,2014,3,8,August,33,11,Monday,223,0,0,
20140812,2014-08-12,2014,3,8,August,33,12,Tuesday,224,0,0,
20140813,2014-08-13,2014,3,8,August,33,13,Wednesday,225,0,0,
20140814,2014-08-14,2014,3,8,August,33,14,Thursday,226,0,0,
20140815,2014-08-15,2014,3,8,August,33,15,Friday,227,0,0,
20140816,2014-08-16,2014,3,8,August,33,16,Saturday,228,1,0,
20140817,2014-08-17,2014,3,8,August,33,17,Sunday,229,1,0,
20140818,2014-08-18,2014,3,8,August,34,18,Monday,230,0,0,
20140819,2014-08-19,2014,3,8,August,34,19,Tuesday,231,0,0,
20140820,2014-08-20,2014,3,8,August,34,20,Wednesday,232,0,0,
20140821,2014-08-21,2014,3,8,August,34,21,Thursday,233,0,0,
20140822,2014-08-22,2014,3,8,August,34,22,Friday,234,0,0,
20140823,2014-08-23,2014,3,8,August,34,23,Saturday,235,1,0,
20140824,2014-08-24,2014,3,8,August,34,24,Sunday,236,1,0,
20140825,2014-08-25,2014,3,8,August,35,25,Monday,237,0,0,
20140826,2014-08-26,2014,3,8,August,35,26,Tuesday,238,0,0,
20140827,2014-08-27,2014,3,8,August,35,27,Wednesday,239,0,0,
20140828,2014-08-28,2014,3,8,August,35,28,Thursday,240,0,0,
20140829,2014-08-29,2014,3,8,August,35,29,Friday,241,0,0,
20140830,2014-08-30,2014,3,8,August,35,30,Saturday,242,1,0,
20140831,2014-08-31,2014,3,8,August,35,31,Sunday,243,1,0,
20140901,2014-09-01,2014,3,9,September,36,1,Monday,244,0,1,Labor Day
20140902,2014-09-02,2014,3,9,September,36,2,Tuesday,245,0,0,
20140903,2014-09-03,2014,3,9,September,36,3,Wednesday,246,0,0,
20140904,2014-09-04,2014,3,9,September,36,4,Thursday,247,0,0,
20140905,2014-09-05,2014,3,9,September,36,5,Friday,248,0,0,
20140906,2014-09-06,2014,3,9,September,36,6,Saturday,249,1,0,
20140907,2014-09-07,2014,3,9,September,36,7,Sunday,250,1,0,
20140908,2014-09-08,2014,3,9,September,37,8,Monday,251,0,0,
20140909,2014-09-09,2014,3,9,September,37,9,Tuesday,252,0,0,
20140910,2014-09-10,2014,3,9,September,37,10,Wednesday,253,0,0,
20140911,2014-09-11,2014,3,9,September,37,11,Thursday,254,0,0,
20140912,2014-09-12,2014,3,9,September,37,12,Friday,255,0,0,
20140913,2014-09-13,2014,3,9,September,37,13,Saturday,256,1,0,
20140914,2014-09-14,2014,3,9,September,37,14,Sunday,257,1,0,
20140915,2014-09-15,2014,3,9,September,38,15,Monday,258,0,0,
20140916,2014-09-16,2014,3,9,September,38,16,Tuesday,259,0,0,
20140917,2014-09-17,2014,3,9,September,38,17,Wednesday,260,0,0,
20140918,2014-09-18,2014,3,9,September,38,18,Thursday,261,0,0,
20140919,2014-09-19,2014,3,9,September,38,19,Friday,262,0,0,
20140920,2014-09-20,2014,3,9,September,38,20,Saturday,263,1,0,
20140921,2014-09-21,2014,3,9,September,38,21,Sunday,264,1,0,
20140922,2014-09-22,2014,3,9,September,39,22,Monday,265,0,0,
20140923,2014-09-23,2014,3,9,September,39,23,Tuesday,266,0,0,
20140924,2014-09-24,2014,3,9,September,39,24,Wednesday,267,0,0,
20140925,2014-09-25,2014,3,9,September,39,25,Thursday,268,0,0,
20140926,2014-09-26,2014,3,9,September,39,26,Friday,269,0,0,
20140927,2014-09-27,2014,3,9,September,39,27,Saturday,270,1,0,
20140928,2014-09-28,2014,3,9,September,39,28,Sunday,271,1,0,
20140929,2014-09-29,2014,3,9,September,40,29,Monday,272,0,0,
20140930,2014-09-30,2014,3,9,September,40,30,Tuesday,273,0,0,
20141001,2014-10-01,2014,4,10,October,40,1,Wednesday,274,0,0,
20141002,2014-10-02,2014,4,10,October,40,2,Thursday,275,0,0,
20141003,2014-10-03,2014,4,10,October,40,3,Friday,276,0,0,
20141004,2014-10-04,2014,4,10,October,40,4,Saturday,277,1,0,
20141005,2014-10-05,2014,4,10,October,40,5,Sunday,278,1,0,
20141006,2014-10-06,2014,4,10,October,41,6,Monday,279,0,0,
20141007,2014-10-07,2014,4,10,October,41,7,Tuesday,280,0,0,
20141008,2014-10-08,2014,4,10,October,41,8,Wednesday,281,0,0,
20141009,2014-10-09,2014,4,10,October,41,9,Thursday,282,0,0,
20141010,2014-10-10,2014,4,10,October,41,10,Friday,283,0,0,
20141011,2014-10-11,2014,4,10,October,41,11,Saturday,284,1,0,
20141012,2014-10-12,2014,4,10,October,41,12,Sunday,285,1,0,
20141013,2014-10-13,2014,4,10,October,42,13,Monday,286,0,1,Columbus Day
20141014,2014-10-14,2014,4,10,October,42,14,Tuesday,287,0,0,
20141015,2014-10-15,2014,4,10,October,42,15,Wednesday,288,0,0,
20141016,2014-10-16,2014,4,10,October,42,16,Thursday,289,0,0,
20141017,2014-10-17,2014,4,10,October,42,17,Friday,290,0,0,
20141018,2014-10-18,2014,4,10,October,42,18,Saturday,291,1,0,
20141019,2014-10-19,2014,4,10,October,42,19,Sunday,292,1,0,
20141020,2014-10-20,2014,4,10,October,43,20,Monday,293,0,0,
20141021,2014-10-21,2014,4,10,October,43,21,Tuesday,294,0,0,
20141022,2014-10-22,2014,4,10,October,43,22,Wednesday,295,0,0,
20141023,2014-10-23,2014,4,10,October,43,23,Thursday,296,0,0,
20141024,2014-10-24,2014,4,10,October,43,24,Friday,297,0,0,
20141025,2014-10-25,2014,4,10,October,43,25,Saturday,298,1,0,
20141026,2014-10-26,2014,4,10,October,43,26,Sunday,299,1,0,
20141027,2014-10-27,2014,4,10,October,44,27,Monday,300,0,0,
20141028,2014-10-28,2014,4,10,October,44,28,Tuesday,301,0,0,
20141029,2014-10-29,2014,4,10,October,44,29,Wednesday,302,0,0,
20141030,2014-10-30,2014,4,10,October,44,30,Thursday,303,0,0,
20141031,2014-10-31,2014,4,10,October,44,31,Friday,304,0,0,
20141101,2014-11-01,2014,4,11,November,44,1,Saturday,305,1,0,
20141102,2014-11-02,2014,4,11,November,44,2,Sunday,306,1,0,
20141103,2014-11-03,2014,4,11,November,45,3,Monday,307,0,0,
20141104,2014-11-04,2014,4,11,November,45,4,Tuesday,308,0,0,
20141105,2014-11-05,2014,4,11,November,45,5,Wednesday,309,0,0,
20141106,2014-11-06,2014,4,11,November,45,6,Thursday,310,0,0,
20141107,2014-11-07,2014,4,11,November,45,7,Friday,311,0,0,
20141108,2014-11-08,2014,4,11,November,45,8,Saturday,312,1,0,
20141109,2014-11-09,2014,4,11,November,45,9,Sunday,313,1,0,
20141110,2014-11-10,2014,4,11,November,46,10,Monday,314,0,0,
20141111,2014-11-11,2014,4,11,November,46,11,Tuesday,315,0,1,Veterans Day
20141112,2014-11-12,2014,4,11,November,46,12,Wednesday,316,0,0,
20141113,2014-11-13,2014,4,11,November,46,13,Thursday,317,0,0,
20141114,2014-11-14,2014,4,11,November,46,14,Friday,318,0,0,
20141115,2014-11-15,2014,4,11,November,46,15,Saturday,319,1,0,
20141116,2014-11-16,2014,4,11,November,46,16,Sunday,320,1,0,
20141117,2014-11-17,2014,4,11,November,47,17,Monday,321,0,0,
20141118,2014-11-18,2014,4,11,November,47,18,Tuesday,322,0,0,
20141119,2014-11-19,2014,4,11,November,47,19,Wednesday,323,0,0,
20141120,2014-11-20,2014,4,11,November,47,20,Thursday,324,0,0,
20141121,2014-11-21,2014,4,11,November,47,21,Friday,325,0,0,
20141122,2014-11-22,2014,4,11,November,47,22,Saturday,326,1,0,
20141123,2014-11-23,2014,4,11,November,47,23,Sunday,327,1,0,
20141124,2014-11-24,2014,4,11,November,48,24,Monday,328,0,0,
20141125,2014-11-25,2014,4,11,November,48,25,Tuesday,329,0,0,
20141126,2014-11-26,2014,4,11,November,48,26,Wednesday,330,0,0,
20141127,2014-11-27,2014,4,11,November,48,27,Thursday,331,0,1,Thanksgiving Day
20141128,2014-11-28,2014,4,11,November,48,28,Friday,332,0,0,
20141129,2014-11-29,2014,4,11,November,48,29,Saturday,333,1,0,
20141130,2014-11-30,2014,4,11,November,48,30,Sunday,334,1,0,
20141201,2014-12-01,2014,4,12,December,49,1,Monday,335,0,0,
20141202,2014-12-02,2014,4,12,December,49,2,Tuesday,336,0,0,
20141203,2014-12-03,2014,4,12,December,49,3,Wednesday,337,0,0,
20141204,2014-12-04,2014,4,12,December,49,4,Thursday,338,0,0,
20141205,2014-12-05,2014,4,12,December,49,5,Friday,339,0,0,
20141206,2014-12-06,2014,4,12,December,49,6,Saturday,340,1,0,
20141207,2014-12-07,2014,4,12,December,49,7,Sunday,341,1,0,
20141208,2014-12-08,2014,4,12,December,50,8,Monday,342,0,0,
20141209,2014-12-09,2014,4,12,December,50,9,Tuesday,343,0,0,
20141210,2014-12-10,2014,4,12,December,50,10,Wednesday,344,0,0,
20141211,2014-12-11,2014,4,12,December,50,11,Thursday,345,0,0,
20141212,2014-12-12,2014,4,12,December,50,12,Friday,346,0,0,
20141213,2014-12-13,2014,4,12,December,50,13,Saturday,347,1,0,
20141214,2014-12-14,2014,4,12,December,50,14,Sunday,348,1,0,
20141215,2014-12-15,2014,4,12,December,51,15,Monday,349,0,0,
20141216,2014-12-16,2014,4,12,December,51,16,Tuesday,350,0,0,
20141217,2014-12-17,2014,4,12,December,51,17,Wednesday,351,0,0,
20141218,2014-12-18,2014,4,12,December,51,18,Thursday,352,0,0,
20141219,2014-12-19,2014,4,12,December,51,19,Friday,353,0,0,
20141220,2014-12-20,2014,4,12,December,51,20,Saturday,354,1,0,
20141221,2014-12-21,2014,4,12,December,51,21,Sunday,355,1,0,
20141222,2014-12-22,2014,4,12,December,52,22,Monday,356,0,0,
20141223,2014-12-23,2014,4,12,December,52,23,Tuesday,357,0,0,
20141224,2014-12-24,2014,4,12,December,52,24,Wednesday,358,0,0,
20141225,2014-12-25,2014,4,12,December,52,25,Thursday,359,0,1,Christmas Day
20141226,2014-12-26,2014,4,12,December,52,26,Friday,360,0,0,
20141227,2014-12-27,2014,4,12,December,52,27,Saturday,361,1,0,
20141228,2014-12-28,2014,4,12,December,52,28,Sunday,362,1,0,
20141229,2014-12-29,2014,4,12,December,1,29,Monday,363,0,0,
20141230,2014-12-30,2014,4,12,December,1,30,Tuesday,364,0,0,
20141231,2014-12-31,2014,4,12,December,1,31,Wednesday,365,0,0,
20150101,2015-01-01,2015,1,1,January,1,1,Thursday,1,0,1,New Year's Day
20150102,2015-01-02,2015,1,1,January,1,2,Friday,2,0,0,
20150103,2015-01-03,2015,1,1,January,1,3,Saturday,3,1,0,
20150104,2015-01-04,2015,1,1,January,1,4,Sunday,4,1,0,
20150105,2015-01-05,2015,1,1,January,2,5,Monday,5,0,0,
20150106,2015-01-06,2015,1,1,January,2,6,Tuesday,6,0,0,
20150107,2015-01-07,2015,1,1,January,2,7,Wednesday,7,0,0,
20150108,2015-01-08,2015,1,1,January,2,8,Thursday,8,0,0,
20150109,2015-01-09,2015,1,1,January,2,9,Friday,9,0,0,
20150110,2015-01-10,2015,1,1,January,2,10,Saturday,10,1,0,
20150111,2015-01-11,2015,1,1,January,2,11,Sunday,11,1,0,
20150112,2015-01-12,2015,1,1,January,3,12,Monday,12,0,0,
20150113,2015-01-13,2015,1,1,January,3,13,Tuesday,13,0,0,
20150114,2015-01-14,2015,1,1,January,3,14,Wednesday,14,0,0,
20150115,2015-01-15,2015,1,1,January,3,15,Thursday,15,0,0,
20150116,2015-01-16,2015,1,1,January,3,16,Friday,16,0,0,
20150117,2015-01-17,2015,1,1,January,3,17,Saturday,17,1,0,
20150118,2015-01-18,2015,1,1,January,3,18,Sunday,18,1,0,
20150119,2015-01-19,2015,1,1,January,4,19,Monday,19,0,1,Martin Luther King Jr. Day
20150120,2015-01-20,2015,1,1,January,4,20,Tuesday,20,0,0,
20150121,2015-01-21,2015,1,1,January,4,21,Wednesday,21,0,0,
20150122,2015-01-22,2015,1,1,January,4,22,Thursday,22,0,0,
20150123,2015-01-23,2015,1,1,January,4,23,Friday,23,0,0,
20150124,2015-01-24,2015,1,1,January,4,24,Saturday,24,1,0,
20150125,2015-01-25,2015,1,1,January,4,25,Sunday,25,1,0,
20150126,2015-01-26,2015,1,1,January,5,26,Monday,26,0,0,
20150127,2015-01-27,2015,1,1,January,5,27,Tuesday,27,0,0,
20150128,2015-01-28,2015,1,1,January,5,28,Wednesday,28,0,0,
20150129,2015-01-29,2015,1,1,January,5,29,Thursday,29,0,0,
20150130,2015-01-30,2015,1,1,January,5,30,Friday,30,0,0,
20150131,2015-01-31,2015,1,1,January,5,31,Saturday,31,1,0,
20150201,2015-02-01,2015,1,2,February,5,1,Sunday,32,1,0,
20150202,2015-02-02,2015,1,2,February,6,2,Monday,33,0,0,
20150203,2015-02-03,2015,1,2,February,6,3,Tuesday,34,0,0,
20150204,2015-02-04,2015,1,2,February,6,4,Wednesday,35,0,0,
20150205,2015-02-05,2015,1,2,February,6,5,Thursday,36,0,0,
20150206,2015-02-06,2015,1,2,February,6,6,Friday,37,0,0,
20150207,2015-02-07,2015,1,2,February,6,7,Saturday,38,1,0,
20150208,2015-02-08,2015,1,2,February,6,8,Sunday,39,1,0,
20150209,2015-02-09,2015,1,2,February,7,9,Monday,40,0,0,
20150210,2015-02-10,2015,1,2,February,7,10,Tuesday,41,0,0,
20150211,2015-02-11,2015,1,2,February,7,11,Wednesday,42,0,0,
20150212,2015-02-12,2015,1,2,February,7,12,Thursday,43,0,0,
20150213,2015-02-13,2015,1,2,February,7,13,Friday,44,0,0,
20150214,2015-02-14,2015,1,2,February,7,14,Saturday,45,1,0,
20150215,2015-02-15,2015,1,2,February,7,15,Sunday,46,1,0,
20150216,2015-02-16,2015,1,2,February,8,16,Monday,47,0,1,Washington's Birthday
20150217,2015-02-17,2015,1,2,February,8,17,Tuesday,48,0,0,
20150218,2015-02-18,2015,1,2,February,8,18,Wednesday,49,0,0,
20150219,2015-02-19,2015,1,2,February,8,19,Thursday,50,0,0,
20150220,2015-02-20,2015,1,2,February,8,20,Friday,51,0,0,
20150221,2015-02-21,2015,1,2,February,8,21,Saturday,52,1,0,
20150222,2015-02-22,2015,1,2,February,8,22,Sunday,53,1,0,
20150223,2015-02-23,2015,1,2,February,9,23,Monday,54,0,0,
20150224,2015-02-24,2015,1,2,February,9,24,Tuesday,55,0,0,
20150225,2015-02-25,2015,1,2,February,9,25,Wednesday,56,0,0,
20150226,2015-02-26,2015,1,2,February,9,26,Thursday,57,0,0,
20150227,2015-02-27,2015,1,2,February,9,27,Friday,58,0,0,
20150228,2015-02-28,2015,1,2,February,9,28,Saturday,59,1,0,
20150301,2015-03-01,2015,1,3,March,9,1,Sunday,60,1,0,
20150302,2015-03-02,2015,1,3,March,10,2,Monday,61,0,0,
20150303,2015-03-03,2015,1,3,March,10,3,Tuesday,62,0,0,
20150304,2015-03-04,2015,1,3,March,10,4,Wednesday,63,0,0,
20150305,2015-03-05,2015,1,3,March,10,5,Thursday,64,0,0,
20150306,2015-03-06,2015,1,3,March,10,6,Friday,65,0,0,
20150307,2015-03-07,2015,1,3,March,10,7,Saturday,66,1,0,
20150308,2015-03-08,2015,1,3,March,10,8,Sunday,67,1,0,
20150309,2015-03-09,2015,1,3,March,11,9,Monday,68,0,0,
20150310,2015-03-10,2015,1,3,March,11,10,Tuesday,69,0,0,
20150311,2015-03-11,2015,1,3,March,11,11,Wednesday,70,0,0,
20150312,2015-03-12,2015,1,3,March,11,12,Thursday,71,0,0,
20150313,2015-03-13,2015,1,3,March,11,13,Friday,72,0,0,
20150314,2015-03-14,2015,1,3,March,11,14,Saturday,73,1,0,
20150315,2015-03-15,2015,1,3,March,11,15,Sunday,74,1,0,
20150316,2015-03-16,2015,1,3,March,12,16,Monday,75,0,0,
20150317,2015-03-17,2015,1,3,March,12,17,Tuesday,76,0,0,
20150318,2015-03-18,2015,1,3,March,12,18,Wednesday,77,0,0,
20150319,2015-03-19,2015,1,3,March,12,19,Thursday,78,0,0,
20150320,2015-03-20,2015,1,3,March,12,20,Friday,79,0,0,
20150321,2015-03-21,2015,1,3,March,12,21,Saturday,80,1,0,
20150322,2015-03-22,2015,1,3,March,12,22,Sunday,81,1,0,
20150323,2015-03-23,2015,1,3,March,13,23,Monday,82,0,0,
20150324,2015-03-24,2015,1,3,March,13,24,Tuesday,83,0,0,
20150325,2015-03-25,2015,1,3,March,13,25,Wednesday,84,0,0,
20150326,2015-03-26,2015,1,3,March,13,26,Thursday,85,0,0,
20150327,2015-03-27,2015,1,3,March,13,27,Friday,86,0,0,
20150328,2015-03-28,2015,1,3,March,13,28,Saturday,87,1,0,
20150329,2015-03-29,2015,1,3,March,13,29,Sunday,88,1,0,
20150330,2015-03-30,2015,1,3,March,14,30,Monday,89,0,0,
20150331,2015-03-31,2015,1,3,March,14,31,Tuesday,90,0,0,
20150401,2015-04-01,2015,2,4,April,14,1,Wednesday,91,0,0,
20150402,2015-04-02,2015,2,4,April,14,2,Thursday,92,0,0,
20150403,2015-04-03,2015,2,4,April,14,3,Friday,93,0,0,
20150404,2015-04-04,2015,2,4,April,14,4,Saturday,94,1,0,
20150405,2015-04-05,2015,2,4,April,14,5,Sunday,95,1,0,
20150406,2015-04-06,2015,2,4,April,15,6,Monday,96,0,0,
20150407,2015-04-07,2015,2,4,April,15,7,Tuesday,97,0,0,
20150408,2015-04-08,2015,2,4,April,15,8,Wednesday,98,0,0,
20150409,2015-04-09,2015,2,4,April,15,9,Thursday,99,0,0,
20150410,2015-04-10,2015,2,4,April,15,10,Friday,100,0,0,
20150411,2015-04-11,2015,2,4,April,15,11,Saturday,101,1,0,
20150412,2015-04-12,2015,2,4,April,15,12,Sunday,102,1,0,
20150413,2015-04-13,2015,2,4,April,16,13,Monday,103,0,0,
20150414,2015-04-14,2015,2,4,April,16,14,Tuesday,104,0,0,
20150415,2015-04-15,2015,2,4,April,16,15,Wednesday,105,0,0,
20150416,2015-04-16,2015,2,4,April,16,16,Thursday,106,0,0,
20150417,2015-04-17,2015,2,4,April,16,17,Friday,107,0,0,
20150418,2015-04-18,2015,2,4,April,16,18,Saturday,108,1,0,
20150419,2015-04-19,2015,2,4,April,16,19,Sunday,109,1,0,
20150420,2015-04-20,2015,2,4,April,17,20,Monday,110,0,0,
20150421,2015-04-21,2015,2,4,April,17,21,Tuesday,111,0,0,
20150422,2015-04-22,2015,2,4,April,17,22,Wednesday,112,0,0,
20150423,2015-04-23,2015,2,4,April,17,23,Thursday,113,0,0,
20150424,2015-04-24,2015,2,4,April,17,24,Friday,114,0,0,
20150425,2015-04-25,2015,2,4,April,17,25,Saturday,115,1,0,
20150426,2015-04-26,2015,2,4,April,17,26,Sunday,116,1,0,
20150427,2015-04-27,2015,2,4,April,18,27,Monday,117,0,0,
20150428,2015-04-28,2015,2,4,April,18,28,Tuesday,118,0,0,
20150429,2015-04-29,2015,2,4,April,18,29,Wednesday,119,0,0,
20150430,2015-04-30,2015,2,4,April,18,30,Thursday,120,0,0,
20150501,2015-05-01,2015,2,5,May,18,1,Friday,121,0,0,
20150502,2015-05-02,2015,2,5,May,18,2,Saturday,122,1,0,
20150503,2015-05-03,2015,2,5,May,18,3,Sunday,123,1,0,
20150504,2015-05-04,2015,2,5,May,19,4,Monday,124,0,0,
20150505,2015-05-05,2015,2,5,May,19,5,Tuesday,125,0,0,
20150506,2015-05-06,2015,2,5,May,19,6,Wednesday,126,0,0,
20150507,2015-05-07,2015,2,5,May,19,7,Thursday,127,0,0,
20150508,2015-05-08,2015,2,5,May,19,8,Friday,128,0,0,
20150509,2015-05-09,2015,2,5,May,19,9,Saturday,129,1,0,
20150510,2015-05-10,2015,2,5,May,19,10,Sunday,130,1,0,
20150511,2015-05-11,2015,2,5,May,20,11,Monday,131,0,0,
20150512,2015-05-12,2015,2,5,May,20,12,Tuesday,132,0,0,
20150513,2015-05-13,2015,2,5,May,20,13,Wednesday,133,0,0,
20150514,2015-05-14,2015,2,5,May,20,14,Thursday,134,0,0,
20150515,2015-05-15,2015,2,5,May,20,15,Friday,135,0,0,
20150516,2015-05-16,2015,2,5,May,20,16,Saturday,136,1,0,
20150517,2015-05-17,2015,2,5,May,20,17,Sunday,137,1,0,
20150518,2015-05-18,2015,2,5,May,21,18,Monday,138,0,0,
20150519,2015-05-19,2015,2,5,May,21,19,Tuesday,139,0,0,
20150520,2015-05-20,2015,2,5,May,21,20,Wednesday,140,0,0,
20150521,2015-05-21,2015,2,5,May,21,21,Thursday,141,0,0,
20150522,2015-05-22,2015,2,5,May,21,22,Friday,142,0,0,
20150523,2015-05-23,2015,2,5,May,21,23,Saturday,143,1,0,
20150524,2015-05-24,2015,2,5,May,21,24,Sunday,144,1,0,
20150525,2015-05-25,2015,2,5,May,22,25,Monday,145,0,1,Memorial Day
20150526,2015-05-26,2015,2,5,May,22,26,Tuesday,146,0,0,
20150527,2015-05-27,2015,2,5,May,22,27,Wednesday,147,0,0,
20150528,2015-05-28,2015,2,5,May,22,28,Thursday,148,0,0,
20150529,2015-05-29,2015,2,5,May,22,29,Friday,149,0,0,
20150530,2015-05-30,2015,2,5,May,22,30,Saturday,150,1,0,
20150531,2015-05-31,2015,2,5,May,22,31,Sunday,151,1,0,
20150601,2015-06-01,2015,2,6,June,23,1,Monday,152,0,0,
20150602,2015-06-02,2015,2,6,June,23,2,Tuesday,153,0,0,
20150603,2015-06-03,2015,2,6,June,23,3,Wednesday,154,0,0,
20150604,2015-06-04,2015,2,6,June,23,4,Thursday,155,0,0,
20150605,2015-06-05,2015,2,6,June,23,5,Friday,156,0,0,
20150606,2015-06-06,2015,2,6,June,23,6,Saturday,157,1,0,
20150607,2015-06-07,2015,2,6,June,23,7,Sunday,158,1,0,
20150608,2015-06-08,2015,2,6,June,24,8,Monday,159,0,0,
20150609,2015-06-09,2015,2,6,June,24,9,Tuesday,160,0,0,
20150610,2015-06-10,2015,2,6,June,24,10,Wednesday,161,0,0,
20150611,2015-06-11,2015,2,6,June,24,11,Thursday,162,0,0,
20150612,2015-06-12,2015,2,6,June,24,12,Friday,163,0,0,
20150613,2015-06-13,2015,2,6,June,24,13,Saturday,164,1,0,
20150614,2015-06-14,2015,2,6,June,24,14,Sunday,165,1,0,
20150615,2015-06-15,2015,2,6,June,25,15,Monday,166,0,0,
20150616,2015-06-16,2015,2,6,June,25,16,Tuesday,167,0,0,
20150617,2015-06-17,2015,2,6,June,25,17,Wednesday,168,0,0,
20150618,2015-06-18,2015,2,6,June,25,18,Thursday,169,0,0,
20150619,2015-06-19,2015,2,6,June,25,19,Friday,170,0,0,
20150620,2015-06-20,2015,2,6,June,25,20,Saturday,171,1,0,
20150621,2015-06-21,2015,2,6,June,25,21,Sunday,172,1,0,
20150622,2015-06-22,2015,2,6,June,26,22,Monday,173,0,0,
20150623,2015-06-23,2015,2,6,June,26,23,Tuesday,174,0,0,
20150624,2015-06-24,2015,2,6,June,26,24,Wednesday,175,0,0,
20150625,2015-06-25,2015,2,6,June,26,25,Thursday,176,0,0,
20150626,2015-06-26,2015,2,6,June,26,26,Friday,177,0,0,
20150627,2015-06-27,2015,2,6,June,26,27,Saturday,178,1,0,
20150628,2015-06-28,2015,2,6,June,26,28,Sunday,179,1,0,
20150629,2015-06-29,2015,2,6,June,27,29,Monday,180,0,0,
20150630,2015-06-30,2015,2,6,June,27,30,Tuesday,181,0,0,
20150701,2015-07-01,2015,3,7,July,27,1,Wednesday,182,0,0,
20150702,2015-07-02,2015,3,7,July,27,2,Thursday,183,0,0,
20150703,2015-07-03,2015,3,7,July,27,3,Friday,184,0,1,Independence Day (observed)
20150704,2015-07-04,2015,3,7,July,27,4,Saturday,185,1,1,Independence Day
20150705,2015-07-05,2015,3,7,July,27,5,Sunday,186,1,0,
20150706,2015-07-06,2015,3,7,July,28,6,Monday,187,0,0,
20150707,2015-07-07,2015,3,7,July,28,7,Tuesday,188,0,0,
20150708,2015-07-08,2015,3,7,July,28,8,Wednesday,189,0,0,
20150709,2015-07-09,2015,3,7,July,28,9,Thursday,190,0,0,
20150710,2015-07-10,2015,3,7,July,28,10,Friday,191,0,0,
20150711,2015-07-11,2015,3,7,July,28,11,Saturday,192,1,0,
20150712,2015-07-12,2015,3,7,July,28,12,Sunday,193,1,0,
20150713,2015-07-13,2015,3,7,July,29,13,Monday,194,0,0,
20150714,2015-07-14,2015,3,7,July,29,14,Tuesday,195,0,0,
20150715,2015-07-15,2015,3,7,July,29,15,Wednesday,196,0,0,
20150716,2015-07-16,2015,3,7,July,29,16,Thursday,197,0,0,
20150717,2015-07-17,2015,3,7,July,29,17,Friday,198,0,0,
20150718,2015-07-18,2015,3,7,July,29,18,Saturday,199,1,0,
20150719,2015-07-19,2015,3,7,July,29,19,Sunday,200,1,0,
20150720,2015-07-20,2015,3,7,July,30,20,Monday,201,0,0,
20150721,2015-07-21,2015,3,7,July,30,21,Tuesday,202,0,0,
20150722,2015-07-22,2015,3,7,July,30,22,Wednesday,203,0,0,
20150723,2015-07-23,2015,3,7,July,30,23,Thursday,204,0,0,
20150724,2015-07-24,2015,3,7,July,30,24,Friday,205,0,0,
20150725,2015-07-25,2015,3,7,July,30,25,Saturday,206,1,0,
20150726,2015-07-26,2015,3,7,July,30,26,Sunday,207,1,0,
20150727,2015-07-27,2015,3,7,July,31,27,Monday,208,0,0,
20150728,2015-07-28,2015,3,7,July,31,28,Tuesday,209,0,0,
20150729,2015-07-29,2015,3,7,July,31,29,Wednesday,210,0,0,
20150730,2015-07-30,2015,3,7,July,31,30,Thursday,211,0,0,
20150731,2015-07-31,2015,3,7,July,31,31,Friday,212,0,0,
20150801,2015-08-01,2015,3,8,August,31,1,Saturday,213,1,0,
20150802,2015-08-02,2015,3,8,August,31,2,Sunday,214,1,0,
20150803,2015-08-03,2015,3,8,August,32,3,Monday,215,0,0,
20150804,2015-08-04,2015,3,8,August,32,4,Tuesday,216,0,0,
20150805,2015-08-05,2015,3,8,August,32,5,Wednesday,217,0,0,
20150806,2015-08-06,2015,3,8,August,32,6,Thursday,218,0,0,
20150807,2015-08-07,2015,3,8,August,32,7,Friday,219,0,0,
20150808,2015-08-08,2015,3,8,August,32,8,Saturday,220,1,0,
20150809,2015-08-09,2015,3,8,August,32,9,Sunday,221,1,0,
20150810,2015-08-10,2015,3,8,August,33,10,Monday,222,0,0,
20150811,2015-08-11,2015,3,8,August,33,11,Tuesday,223,0,0,
20150812,2015-08-12,2015,3,8,August,33,12,Wednesday,224,0,0,
20150813,2015-08-13,2015,3,8,August,33,13,Thursday,225,0,0,
20150814,2015-08-14,2015,3,8,August,33,14,Friday,226,0,0,
20150815,2015-08-15,2015,3,8,August,33,15,Saturday,227,1,0,
20150816,2015-08-16,2015,3,8,August,33,16,Sunday,228,1,0,
20150817,2015-08-17,2015,3,8,August,34,17,Monday,229,0,0,
20150818,2015-08-18,2015,3,8,August,34,18,Tuesday,230,0,0,
20150819,2015-08-19,2015,3,8,August,34,19,Wednesday,231,0,0,
20150820,2015-08-20,2015,3,8,August,34,20,Thursday,232,0,0,
20150821,2015-08-21,2015,3,8,August,34,21,Friday,233,0,0,
20150822,2015-08-22,2015,3,8,August,34,22,Saturday,234,1,0,
20150823,2015-08-23,2015,3,8,August,34,23,Sunday,235,1,0,
20150824,2015-08-24,2015,3,8,August,35,24,Monday,236,0,0,
20150825,2015-08-25,2015,3,8,August,35,25,Tuesday,237,0,0,
20150826,2015-08-26,2015,3,8,August,35,26,Wednesday,238,0,0,
20150827,2015-08-27,2015,3,8,August,35,27,Thursday,239,0,0,
20150828,2015-08-28,2015,3,8,August,35,28,Friday,240,0,0,
20150829,2015-08-29,2015,3,8,August,35,29,Saturday,241,1,0,
20150830,2015-08-30,2015,3,8,August,35,30,Sunday,242,1,0,
20150831,2015-08-31,2015,3,8,August,36,31,Monday,243,0,0,
20150901,2015-09-01,2015,3,9,September,36,1,Tuesday,244,0,0,
20150902,2015-09-02,2015,3,9,September,36,2,Wednesday,245,0,0,
20150903,2015-09-03,2015,3,9,September,36,3,Thursday,246,0,0,
20150904,2015-09-04,2015,3,9,September,36,4,Friday,247,0,0,
20150905,2015-09-05,2015,3,9,September,36,5,Saturday,248,1,0,
20150906,2015-09-06,2015,3,9,September,36,6,Sunday,249,1,0,
20150907,2015-09-07,2015,3,9,September,37,7,Monday,250,0,1,Labor Day
20150908,2015-09-08,2015,3,9,September,37,8,Tuesday,251,0,0,
20150909,2015-09-09,2015,3,9,September,37,9,Wednesday,252,0,0,
20150910,2015-09-10,2015,3,9,September,37,10,Thursday,253,0,0,
20150911,2015-09-11,2015,3,9,September,37,11,Friday,254,0,0,
20150912,2015-09-12,2015,3,9,September,37,12,Saturday,255,1,0,
20150913,2015-09-13,2015,3,9,September,37,13,Sunday,256,1,0,
20150914,2015-09-14,2015,3,9,September,38,14,Monday,257,0,0,
20150915,2015-09-15,2015,3,9,September,38,15,Tuesday,258,0,0,
20150916,2015-09-16,2015,3,9,September,38,16,Wednesday,259,0,0,
20150917,2015-09-17,2015,3,9,September,38,17,Thursday,260,0,0,
20150918,2015-09-18,2015,3,9,September,38,18,Friday,261,0,0,
20150919,2015-09-19,2015,3,9,September,38,19,Saturday,262,1,0,
20150920,2015-09-20,2015,3,9,September,38,20,Sunday,263,1,0,
20150921,2015-09-21,2015,3,9,September,39,21,Monday,264,0,0,
20150922,2015-09-22,2015,3,9,September,39,22,Tuesday,265,0,0,
20150923,2015-09-23,2015,3,9,September,39,23,Wednesday,266,0,0,
20150924,2015-09-24,2015,3,9,September,39,24,Thursday,267,0,0,
20150925,2015-09-25,2015,3,9,September,39,25,Friday,268,0,0,
20150926,2015-09-26,2015,3,9,September,39,26,Saturday,269,1,0,
20150927,2015-09-27,2015,3,9,September,39,27,Sunday,270,1,0,
20150928,2015-09-28,2015,3,9,September,40,28,Monday,271,0,0,
20150929,2015-09-29,2015,3,9,September,40,29,Tuesday,272,0,0,
20150930,2015-09-30,2015,3,9,September,40,30,Wednesday,273,0,0,
20151001,2015-10-01,2015,4,10,October,40,1,Thursday,274,0,0,
20151002,2015-10-02,2015,4,10,October,40,2,Friday,275,0,0,
20151003,2015-10-03,2015,4,10,October,40,3,Saturday,276,1,0,
20151004,2015-10-04,2015,4,10,October,40,4,Sunday,277,1,0,
20151005,2015-10-05,2015,4,10,October,41,5,Monday,278,0,0,
20151006,2015-10-06,2015,4,10,October,41,6,Tuesday,279,0,0,
20151007,2015-10-07,2015,4,10,October,41,7,Wednesday,280,0,0,
20151008,2015-10-08,2015,4,10,October,41,8,Thursday,281,0,0,
20151009,2015-10-09,2015,4,10,October,41,9,Friday,282,0,0,
20151010,2015-10-10,2015,4,10,October,41,10,Saturday,283,1,0,
20151011,2015-10-11,2015,4,10,October,41,11,Sunday,284,1,0,
20151012,2015-10-12,2015,4,10,October,42,12,Monday,285,0,1,Columbus Day
20151013,2015-10-13,2015,4,10,October,42,13,Tuesday,286,0,0,
20151014,2015-10-14,2015,4,10,October,42,14,Wednesday,287,0,0,
20151015,2015-10-15,2015,4,10,October,42,15,Thursday,288,0,0,
20151016,2015-10-16,2015,4,10,October,42,16,Friday,289,0,0,
20151017,2015-10-17,2015,4,10,October,42,17,Saturday,290,1,0,
20151018,2015-10-18,2015,4,10,October,42,18,Sunday,291,1,0,
20151019,2015-10-19,2015,4,10,October,43,19,Monday,292,0,0,
20151020,2015-10-20,2015,4,10,October,43,20,Tuesday,293,0,0,
20151021,2015-10-21,2015,4,10,October,43,21,Wednesday,294,0,0,
20151022,2015-10-22,2015,4,10,October,43,22,Thursday,295,0,0,
20151023,2015-10-23,2015,4,10,October,43,23,Friday,296,0,0,
20151024,2015-10-24,2015,4,10,October,43,24,Saturday,297,1,0,
20151025,2015-10-25,2015,4,10,October,43,25,Sunday,298,1,0,
20151026,2015-10-26,2015,4,10,October,44,26,Monday,299,0,0,
20151027,2015-10-27,2015,4,10,October,44,27,Tuesday,300,0,0,
20151028,2015-10-28,2015,4,10,October,44,28,Wednesday,301,0,0,
20151029,2015-10-29,2015,4,10,October,44,29,Thursday,302,0,0,
20151030,2015-10-30,2015,4,10,October,44,30,Friday,303,0,0,
20151031,2015-10-31,2015,4,10,October,44,31,Saturday,304,1,0,
20151101,2015-11-01,2015,4,11,November,44,1,Sunday,305,1,0,
20151102,2015-11-02,2015,4,11,November,45,2,Monday,306,0,0,
20151103,2015-11-03,2015,4,11,November,45,3,Tuesday,307,0,0,
20151104,2015-11-04,2015,4,11,November,45,4,Wednesday,308,0,0,
20151105,2015-11-05,2015,4,11,November,45,5,Thursday,309,0,0,
20151106,2015-11-06,2015,4,11,November,45,6,Friday,310,0,0,
20151107,2015-11-07,2015,4,11,November,45,7,Saturday,311,1,0,
20151108,2015-11-08,2015,4,11,November,45,8,Sunday,312,1,0,
20151109,2015-11-09,2015,4,11,November,46,9,Monday,313,0,0,
20151110,2015-11-10,2015,4,11,November,46,10,Tuesday,314,0,0,
20151111,2015-11-11,2015,4,11,November,46,11,Wednesday,315,0,1,Veterans Day
20151112,2015-11-12,2015,4,11,November,46,12,Thursday,316,0,0,
20151113,2015-11-13,2015,4,11,November,46,13,Friday,317,0,0,
20151114,2015-11-14,2015,4,11,November,46,14,Saturday,318,1,0,
20151115,2015-11-15,2015,4,11,November,46,15,Sunday,319,1,0,
20151116,2015-11-16,2015,4,11,November,47,16,Monday,320,0,0,
20151117,2015-11-17,2015,4,11,November,47,17,Tuesday,321,0,0,
20151118,2015-11-18,2015,4,11,November,47,18,Wednesday,322,0,0,
20151119,2015-11-19,2015,4,11,November,47,19,Thursday,323,0,0,
20151120,2015-11-20,2015,4,11,November,47,20,Friday,324,0,0,
20151121,2015-11-21,2015,4,11,November,47,21,Saturday,325,1,0,
20151122,2015-11-22,2015,4,11,November,47,22,Sunday,326,1,0,
20151123,2015-11-23,2015,4,11,November,48,23,Monday,327,0,0,
20151124,2015-11-24,2015,4,11,November,48,24,Tuesday,328,0,0,
20151125,2015-11-25,2015,4,11,November,48,25,Wednesday,329,0,0,
20151126,2015-11-26,2015,4,11,November,48,26,Thursday,330,0,1,Thanksgiving Day
20151127,2015-11-27,2015,4,11,November,48,27,Friday,331,0,0,
20151128,2015-11-28,2015,4,11,November,48,28,Saturday,332,1,0,
20151129,2015-11-29,2015,4,11,November,48,29,Sunday,333,1,0,
20151130,2015-11-30,2015,4,11,November,49,30,Monday,334,0,0,
20151201,2015-12-01,2015,4,12,December,49,1,Tuesday,335,0,0,
20151202,2015-12-02,2015,4,12,December,49,2,Wednesday,336,0,0,
20151203,2015-12-03,2015,4,12,December,49,3,Thursday,337,0,0,
20151204,2015-12-04,2015,4,12,December,49,4,Friday,338,0,0,
20151205,2015-12-05,2015,4,12,December,49,5,Saturday,339,1,0,
20151206,2015-12-06,2015,4,12,December,49,6,Sunday,340,1,0,
20151207,2015-12-07,2015,4,12,December,50,7,Monday,341,0,0,
20151208,2015-12-08,2015,4,12,December,50,8,Tuesday,342,0,0,
20151209,2015-12-09,2015,4,12,December,50,9,Wednesday,343,0,0,
20151210,2015-12-10,2015,4,12,December,50,10,Thursday,344,0,0,
20151211,2015-12-11,2015,4,12,December,50,11,Friday,345,0,0,
20151212,2015-12-12,2015,4,12,December,50,12,Saturday,346,1,0,
20151213,2015-12-13,2015,4,12,December,50,13,Sunday,347,1,0,
20151214,2015-12-14,2015,4,12,December,51,14,Monday,348,0,0,
20151215,2015-12-15,2015,4,12,December,51,15,Tuesday,349,0,0,
20151216,2015-12-16,2015,4,12,December,51,16,Wednesday,350,0,0,
20151217,2015-12-17,2015,4,12,December,51,17,Thursday,351,0,0,
20151218,2015-12-18,2015,4,12,December,51,18,Friday,352,0,0,
20151219,2015-12-19,2015,4,12,December,51,19,Saturday,353,1,0,
20151220,2015-12-20,2015,4,12,December,51,20,Sunday,354,1,0,
20151221,2015-12-21,2015,4,12,December,52,21,Monday,355,0,0,
20151222,2015-12-22,2015,4,12,December,52,22,Tuesday,356,0,0,
20151223,2015-12-23,2015,4,12,December,52,23,Wednesday,357,0,0,
20151224,2015-12-24,2015,4,12,December,52,24,Thursday,358,0,0,
20151225,2015-12-25,2015,4,12,December,52,25,Friday,359,0,1,Christmas Day
20151226,2015-12-26,2015,4,12,December,52,26,Saturday,360,1,0,
20151227,2015-12-27,2015,4,12,December,52,27,Sunday,361,1,0,
20151228,2015-12-28,2015,4,12,December,53,28,Monday,362,0,0,
20151229,2015-12-29,2015,4,12,December,53,29,Tuesday,363,0,0,
20151230,2015-12-30,2015,4,12,December,53,30,Wednesday,364,0,0,
20151231,2015-12-31,2015,4,12,December,53,31,Thursday,365,0,0,
20160101,2016-01-01,2016,1,1,January,53,1,Friday,1,0,1,New Year's Day
20160102,2016-01-02,2016,1,1,January,53,2,Saturday,2,1,0,
20160103,2016-01-03,2016,1,1,January,53,3,Sunday,3,1,0,
20160104,2016-01-04,2016,1,1,January,1,4,Monday,4,0,0,
20160105,2016-01-05,2016,1,1,January,1,5,Tuesday,5,0,0,
20160106,2016-01-06,2016,1,1,January,1,6,Wednesday,6,0,0,
20160107,2016-01-07,2016,1,1,January,1,7,Thursday,7,0,0,
20160108,2016-01-08,2016,1,1,January,1,8,Friday,8,0,0,
20160109,2016-01-09,2016,1,1,January,1,9,Saturday,9,1,0,
20160110,2016-01-10,2016,1,1,January,1,10,Sunday,10,1,0,
20160111,2016-01-11,2016,1,1,January,2,11,Monday,11,0,0,
20160112,2016-01-12,2016,1,1,January,2,12,Tuesday,12,0,0,
20160113,2016-01-13,2016,1,1,January,2,13,Wednesday,13,0,0,
20160114,2016-01-14,2016,1,1,January,2,14,Thursday,14,0,0,
20160115,2016-01-15,2016,1,1,January,2,15,Friday,15,0,0,
20160116,2016-01-16,2016,1,1,January,2,16,Saturday,16,1,0,
20160117,2016-01-17,2016,1,1,January,2,17,Sunday,17,1,0,
20160118,2016-01-18,2016,1,1,January,3,18,Monday,18,0,1,Martin Luther King Jr. Day
20160119,2016-01-19,2016,1,1,January,3,19,Tuesday,19,0,0,
20160120,2016-01-20,2016,1,1,January,3,20,Wednesday,20,0,0,
20160121,2016-01-21,2016,1,1,January,3,21,Thursday,21,0,0,
20160122,2016-01-22,2016,1,1,January,3,22,Friday,22,0,0,
20160123,2016-01-23,2016,1,1,January,3,23,Saturday,23,1,0,
20160124,2016-01-24,2016,1,1,January,3,24,Sunday,24,1,0,
20160125,2016-01-25,2016,1,1,January,4,25,Monday,25,0,0,
20160126,2016-01-26,2016,1,1,January,4,26,Tuesday,26,0,0,
20160127,2016-01-27,2016,1,1,January,4,27,Wednesday,27,0,0,
20160128,2016-01-28,2016,1,1,January,4,28,Thursday,28,0,0,
20160129,2016-01-29,2016,1,1,January,4,29,Friday,29,0,0,
20160130,2016-01-30,2016,1,1,January,4,30,Saturday,30,1,0,
20160131,2016-01-31,2016,1,1,January,4,31,Sunday,31,1,0,
20160201,2016-02-01,2016,1,2,February,5,1,Monday,32,0,0,
20160202,2016-02-02,2016,1,2,February,5,2,Tuesday,33,0,0,
20160203,2016-02-03,2016,1,2,February,5,3,Wednesday,34,0,0,
20160204,2016-02-04,2016,1,2,February,5,4,Thursday,35,0,0,
20160205,2016-02-05,2016,1,2,February,5,5,Friday,36,0,0,
20160206,2016-02-06,2016,1,2,February,5,6,Saturday,37,1,0,
20160207,2016-02-07,2016,1,2,February,5,7,Sunday,38,1,0,
20160208,2016-02-08,2016,1,2,February,6,8,Monday,39,0,0,
20160209,2016-02-09,2016,1,2,February,6,9,Tuesday,40,0,0,
20160210,2016-02-10,2016,1,2,February,6,10,Wednesday,41,0,0,
20160211,2016-02-11,2016,1,2,February,6,11,Thursday,42,0,0,
20160212,2016-02-12,2016,1,2,February,6,12,Friday,43,0,0,
20160213,2016-02-13,2016,1,2,February,6,13,Saturday,44,1,0,
20160214,2016-02-14,2016,1,2,February,6,14,Sunday,45,1,0,
20160215,2016-02-15,2016,1,2,February,7,15,Monday,46,0,1,Washington's Birthday
20160216,2016-02-16,2016,1,2,February,7,16,Tuesday,47,0,0,
20160217,2016-02-17,2016,1,2,February,7,17,Wednesday,48,0,0,
20160218,2016-02-18,2016,1,2,February,7,18,Thursday,49,0,0,
20160219,2016-02-19,2016,1,2,February,7,19,Friday,50,0,0,
20160220,2016-02-20,2016,1,2,February,7,20,Saturday,51,1,0,
20160221,2016-02-21,2016,1,2,February,7,21,Sunday,52,1,0,
20160222,2016-02-22,2016,1,2,February,8,22,Monday,53,0,0,
20160223,2016-02-23,2016,1,2,February,8,23,Tuesday,54,0,0,
20160224,2016-02-24,2016,1,2,February,8,24,Wednesday,55,0,0,
20160225,2016-02-25,2016,1,2,February,8,25,Thursday,56,0,0,
20160226,2016-02-26,2016,1,2,February,8,26,Friday,57,0,0,
20160227,2016-02-27,2016,1,2,February,8,27,Saturday,58,1,0,
20160228,2016-02-28,2016,1,2,February,8,28,Sunday,59,1,0,
20160229,2016-02-29,2016,1,2,February,9,29,Monday,60,0,0,
20160301,2016-03-01,2016,1,3,March,9,1,Tuesday,61,0,0,
20160302,2016-03-02,2016,1,3,March,9,2,Wednesday,62,0,0,
20160303,2016-03-03,2016,1,3,March,9,3,Thursday,63,0,0,
20160304,2016-03-04,2016,1,3,March,9,4,Friday,64,0,0,
20160305,2016-03-05,2016,1,3,March,9,5,Saturday,65,1,0,
20160306,2016-03-06,2016,1,3,March,9,6,Sunday,66,1,0,
20160307,2016-03-07,2016,1,3,March,10,7,Monday,67,0,0,
20160308,2016-03-08,2016,1,3,March,10,8,Tuesday,68,0,0,
20160309,2016-03-09,2016,1,3,March,10,9,Wednesday,69,0,0,
20160310,2016-03-10,2016,1,3,March,10,10,Thursday,70,0,0,
20160311,2016-03-11,2016,1,3,March,10,11,Friday,71,0,0,
20160312,2016-03-12,2016,1,3,March,10,12,Saturday,72,1,0,
20160313,2016-03-13,2016,1,3,March,10,13,Sunday,73,1,0,
20160314,2016-03-14,2016,1,3,March,11,14,Monday,74,0,0,
20160315,2016-03-15,2016,1,3,March,11,15,Tuesday,75,0,0,
20160316,2016-03-16,2016,1,3,March,11,16,Wednesday,76,0,0,
20160317,2016-03-17,2016,1,3,March,11,17,Thursday,77,0,0,
20160318,2016-03-18,2016,1,3,March,11,18,Friday,78,0,0,
20160319,2016-03-19,2016,1,3,March,11,19,Saturday,79,1,0,
20160320,2016-03-20,2016,1,3,March,11,20,Sunday,80,1,0,
20160321,2016-03-21,2016,1,3,March,12,21,Monday,81,0,0,
20160322,2016-03-22,2016,1,3,March,12,22,Tuesday,82,0,0,
20160323,2016-03-23,2016,1,3,March,12,23,Wednesday,83,0,0,
20160324,2016-03-24,2016,1,3,March,12,24,Thursday,84,0,0,
20160325,2016-03-25,2016,1,3,March,12,25,Friday,85,0,0,
20160326,2016-03-26,2016,1,3,March,12,26,Saturday,86,1,0,
20160327,2016-03-27,2016,1,3,March,12,27,Sunday,87,1,0,
20160328,2016-03-28,2016,1,3,March,13,28,Monday,88,0,0,
20160329,2016-03-29,2016,1,3,March,13,29,Tuesday,89,0,0,
20160330,2016-03-30,2016,1,3,March,13,30,Wednesday,90,0,0,
20160331,2016-03-31,2016,1,3,March,13,31,Thursday,91,0,0,
20160401,2016-04-01,2016,2,4,April,13,1,Friday,92,0,0,
20160402,2016-04-02,2016,2,4,April,13,2,Saturday,93,1,0,
20160403,2016-04-03,2016,2,4,April,13,3,Sunday,94,1,0,
20160404,2016-04-04,2016,2,4,April,14,4,Monday,95,0,0,
20160405,2016-04-05,2016,2,4,April,14,5,Tuesday,96,0,0,
20160406,2016-04-06,2016,2,4,April,14,6,Wednesday,97,0,0,
20160407,2016-04-07,2016,2,4,April,14,7,Thursday,98,0,0,
20160408,2016-04-08,2016,2,4,April,14,8,Friday,99,0,0,
20160409,2016-04-09,2016,2,4,April,14,9,Saturday,100,1,0,
20160410,2016-04-10,2016,2,4,April,14,10,Sunday,101,1,0,
20160411,2016-04-11,2016,2,4,April,15,11,Monday,102,0,0,
20160412,2016-04-12,2016,2,4,April,15,12,Tuesday,103,0,0,
20160413,2016-04-13,2016,2,4,April,15,13,Wednesday,104,0,0,
20160414,2016-04-14,2016,2,4,April,15,14,Thursday,105,0,0,
20160415,2016-04-15,2016,2,4,April,15,15,Friday,106,0,0,
20160416,2016-04-16,2016,2,4,April,15,16,Saturday,107,1,0,
20160417,2016-04-17,2016,2,4,April,15,17,Sunday,108,1,0,
20160418,2016-04-18,2016,2,4,April,16,18,Monday,109,0,0,
20160419,2016-04-19,2016,2,4,April,16,19,Tuesday,110,0,0,
20160420,2016-04-20,2016,2,4,April,16,20,Wednesday,111,0,0,
20160421,2016-04-21,2016,2,4,April,16,21,Thursday,112,0,0,
20160422,2016-04-22,2016,2,4,April,16,22,Friday,113,0,0,
20160423,2016-04-23,2016,2,4,April,16,23,Saturday,114,1,0,
20160424,2016-04-24,2016,2,4,April,16,24,Sunday,115,1,0,
20160425,2016-04-25,2016,2,4,April,17,25,Monday,116,0,0,
20160426,2016-04-26,2016,2,4,April,17,26,Tuesday,117,0,0,
20160427,2016-04-27,2016,2,4,April,17,27,Wednesday,118,0,0,
20160428,2016-04-28,2016,2,4,April,17,28,Thursday,119,0,0,
20160429,2016-04-29,2016,2,4,April,17,29,Friday,120,0,0,
20160430,2016-04-30,2016,2,4,April,17,30,Saturday,121,1,0,
20160501,2016-05-01,2016,2,5,May,17,1,Sunday,122,1,0,
20160502,2016-05-02,2016,2,5,May,18,2,Monday,123,0,0,
20160503,2016-05-03,2016,2,5,May,18,3,Tuesday,124,0,0,
20160504,2016-05-04,2016,2,5,May,18,4,Wednesday,125,0,0,
20160505,2016-05-05,2016,2,5,May,18,5,Thursday,126,0,0,
20160506,2016-05-06,2016,2,5,May,18,6,Friday,127,0,0,
20160507,2016-05-07,2016,2,5,May,18,7,Saturday,128,1,0,
20160508,2016-05-08,2016,2,5,May,18,8,Sunday,129,1,0,
20160509,2016-05-09,2016,2,5,May,19,9,Monday,130,0,0,
20160510,2016-05-10,2016,2,5,May,19,10,Tuesday,131,0,0,
20160511,2016-05-11,2016,2,5,May,19,11,Wednesday,132,0,0,
20160512,2016-05-12,2016,2,5,May,19,12,Thursday,133,0,0,
20160513,2016-05-13,2016,2,5,May,19,13,Friday,134,0,0,
20160514,2016-05-14,2016,2,5,May,19,14,Saturday,135,1,0,
20160515,2016-05-15,2016,2,5,May,19,15,Sunday,136,1,0,
20160516,2016-05-16,2016,2,5,May,20,16,Monday,137,0,0,
20160517,2016-05-17,2016,2,5,May,20,17,Tuesday,138,0,0,
20160518,2016-05-18,2016,2,5,May,20,18,Wednesday,139,0,0,
20160519,2016-05-19,2016,2,5,May,20,19,Thursday,140,0,0,
20160520,2016-05-20,2016,2,5,May,20,20,Friday,141,0,0,
20160521,2016-05-21,2016,2,5,May,20,21,Saturday,142,1,0,
20160522,2016-05-22,2016,2,5,May,20,22,Sunday,143,1,0,
20160523,2016-05-23,2016,2,5,May,21,23,Monday,144,0,0,
20160524,2016-05-24,2016,2,5,May,21,24,Tuesday,145,0,0,
20160525,2016-05-25,2016,2,5,May,21,25,Wednesday,146,0,0,
20160526,2016-05-26,2016,2,5,May,21,26,Thursday,147,0,0,
20160527,2016-05-27,2016,2,5,May,21,27,Friday,148,0,0,
20160528,2016-05-28,2016,2,5,May,21,28,Saturday,149,1,0,
20160529,2016-05-29,2016,2,5,May,21,29,Sunday,150,1,0,
20160530,2016-05-30,2016,2,5,May,22,30,Monday,151,0,1,Memorial Day
20160531,2016-05-31,2016,2,5,May,22,31,Tuesday,152,0,0,
20160601,2016-06-01,2016,2,6,June,22,1,Wednesday,153,0,0,
20160602,2016-06-02,2016,2,6,June,22,2,Thursday,154,0,0,
20160603,2016-06-03,2016,2,6,June,22,3,Friday,155,0,0,
20160604,2016-06-04,2016,2,6,June,22,4,Saturday,156,1,0,
20160605,2016-06-05,2016,2,6,June,22,5,Sunday,157,1,0,
20160606,2016-06-06,2016,2,6,June,23,6,Monday,158,0,0,
20160607,2016-06-07,2016,2,6,June,23,7,Tuesday,159,0,0,
20160608,2016-06-08,2016,2,6,June,23,8,Wednesday,160,0,0,
20160609,2016-06-09,2016,2,6,June,23,9,Thursday,161,0,0,
20160610,2016-06-10,2016,2,6,June,23,10,Friday,162,0,0,
20160611,2016-06-11,2016,2,6,June,23,11,Saturday,163,1,0,
20160612,2016-06-12,2016,2,6,June,23,12,Sunday,164,1,0,
20160613,2016-06-13,2016,2,6,June,24,13,Monday,165,0,0,
20160614,2016-06-14,2016,2,6,June,24,14,Tuesday,166,0,0,
20160615,2016-06-15,2016,2,6,June,24,15,Wednesday,167,0,0,
20160616,2016-06-16,2016,2,6,June,24,16,Thursday,168,0,0,
20160617,2016-06-17,2016,2,6,June,24,17,Friday,169,0,0,
20160618,2016-06-18,2016,2,6,June,24,18,Saturday,170,1,0,
20160619,2016-06-19,2016,2,6,June,24,19,Sunday,171,1,0,
20160620,2016-06-20,2016,2,6,June,25,20,Monday,172,0,0,
20160621,2016-06-21,2016,2,6,June,25,21,Tuesday,173,0,0,
20160622,2016-06-22,2016,2,6,June,25,22,Wednesday,174,0,0,
20160623,2016-06-23,2016,2,6,June,25,23,Thursday,175,0,0,
20160624,2016-06-24,2016,2,6,June,25,24,Friday,176,0,0,
20160625,2016-06-25,2016,2,6,June,25,25,Saturday,177,1,0,
20160626,2016-06-26,2016,2,6,June,25,26,Sunday,178,1,0,
20160627,2016-06-27,2016,2,6,June,26,27,Monday,179,0,0,
20160628,2016-06-28,2016,2,6,June,26,28,Tuesday,180,0,0,
20160629,2016-06-29,2016,2,6,June,26,29,Wednesday,181,0,0,
20160630,2016-06-30,2016,2,6,June,26,30,Thursday,182,0,0,
20160701,2016-07-01,2016,3,7,July,26,1,Friday,183,0,0,
20160702,2016-07-02,2016,3,7,July,26,2,Saturday,184,1,0,
20160703,2016-07-03,2016,3,7,July,26,3,Sunday,185,1,0,
20160704,2016-07-04,2016,3,7,July,27,4,Monday,186,0,1,Independence Day
20160705,2016-07-05,2016,3,7,July,27,5,Tuesday,187,0,0,
20160706,2016-07-06,2016,3,7,July,27,6,Wednesday,188,0,0,
20160707,2016-07-07,2016,3,7,July,27,7,Thursday,189,0,0,
20160708,2016-07-08,2016,3,7,July,27,8,Friday,190,0,0,
20160709,2016-07-09,2016,3,7,July,27,9,Saturday,191,1,0,
20160710,2016-07-10,2016,3,7,July,27,10,Sunday,192,1,0,
20160711,2016-07-11,2016,3,7,July,28,11,Monday,193,0,0,
20160712,2016-07-12,2016,3,7,July,28,12,Tuesday,194,0,0,
20160713,2016-07-13,2016,3,7,July,28,13,Wednesday,195,0,0,
20160714,2016-07-14,2016,3,7,July,28,14,Thursday,196,0,0,
20160715,2016-07-15,2016,3,7,July,28,15,Friday,197,0,0,
20160716,2016-07-16,2016,3,7,July,28,16,Saturday,198,1,0,
20160717,2016-07-17,2016,3,7,July,28,17,Sunday,199,1,0,
20160718,2016-07-18,2016,3,7,July,29,18,Monday,200,0,0,
20160719,2016-07-19,2016,3,7,July,29,19,Tuesday,201,0,0,
20160720,2016-07-20,2016,3,7,July,29,20,Wednesday,202,0,0,
20160721,2016-07-21,2016,3,7,July,29,21,Thursday,203,0,0,
20160722,2016-07-22,2016,3,7,July,29,22,Friday,204,0,0,
20160723,2016-07-23,2016,3,7,July,29,23,Saturday,205,1,0,
20160724,2016-07-24,2016,3,7,July,29,24,Sunday,206,1,0,
20160725,2016-07-25,2016,3,7,July,30,25,Monday,207,0,0,
20160726,2016-07-26,2016,3,7,July,30,26,Tuesday,208,0,0,
20160727,2016-07-27,2016,3,7,July,30,27,Wednesday,209,0,0,
20160728,2016-07-28,2016,3,7,July,30,28,Thursday,210,0,0,
20160729,2016-07-29,2016,3,7,July,30,29,Friday,211,0,0,
20160730,2016-07-30,2016,3,7,July,30,30,Saturday,212,1,0,
20160731,2016-07-31,2016,3,7,July,30,31,Sunday,213,1,0,
20160801,2016-08-01,2016,3,8,August,31,1,Monday,214,0,0,
20160802,2016-08-02,2016,3,8,August,31,2,Tuesday,215,0,0,
20160803,2016-08-03,2016,3,8,August,31,3,Wednesday,216,0,0,
20160804,2016-08-04,2016,3,8,August,31,4,Thursday,217,0,0,
20160805,2016-08-05,2016,3,8,August,31,5,Friday,218,0,0,
20160806,2016-08-06,2016,3,8,August,31,6,Saturday,219,1,0,
20160807,2016-08-07,2016,3,8,August,31,7,Sunday,220,1,0,
20160808,2016-08-08,2016,3,8,August,32,8,Monday,221,0,0,
20160809,2016-08-09,2016,3,8,August,32,9,Tuesday,222,0,0,
20160810,2016-08-10,2016,3,8,August,32,10,Wednesday,223,0,0,
20160811,2016-08-11,2016,3,8,August,32,11,Thursday,224,0,0,
20160812,2016-08-12,2016,3,8,August,32,12,Friday,225,0,0,
20160813,2016-08-13,2016,3,8,August,32,13,Saturday,226,1,0,
20160814,2016-08-14,2016,3,8,August,32,14,Sunday,227,1,0,
20160815,2016-08-15,2016,3,8,August,33,15,Monday,228,0,0,
20160816,2016-08-16,2016,3,8,August,33,16,Tuesday,229,0,0,
20160817,2016-08-17,2016,3,8,August,33,17,Wednesday,230,0,0,
20160818,2016-08-18,2016,3,8,August,33,18,Thursday,231,0,0,
20160819,2016-08-19,2016,3,8,August,33,19,Friday,232,0,0,
20160820,2016-08-20,2016,3,8,August,33,20,Saturday,233,1,0,
20160821,2016-08-21,2016,3,8,August,33,21,Sunday,234,1,0,
20160822,2016-08-22,2016,3,8,August,34,22,Monday,235,0,0,
20160823,2016-08-23,2016,3,8,August,34,23,Tuesday,236,0,0,
20160824,2016-08-24,2016,3,8,August,34,24,Wednesday,237,0,0,
20160825,2016-08-25,2016,3,8,August,34,25,Thursday,238,0,0,
20160826,2016-08-26,2016,3,8,August,34,26,Friday,239,0,0,
20160827,2016-08-27,2016,3,8,August,34,27,Saturday,240,1,0,
20160828,2016-08-28,2016,3,8,August,34,28,Sunday,241,1,0,
20160829,2016-08-29,2016,3,8,August,35,29,Monday,242,0,0,
20160830,2016-08-30,2016,3,8,August,35,30,Tuesday,243,0,0,
20160831,2016-08-31,2016,3,8,August,35,31,Wednesday,244,0,0,
20160901,2016-09-01,2016,3,9,September,35,1,Thursday,245,0,0,
20160902,2016-09-02,2016,3,9,September,35,2,Friday,246,0,0,
20160903,2016-09-03,2016,3,9,September,35,3,Saturday,247,1,0,
20160904,2016-09-04,2016,3,9,September,35,4,Sunday,248,1,0,
20160905,2016-09-05,2016,3,9,September,36,5,Monday,249,0,1,Labor Day
20160906,2016-09-06,2016,3,9,September,36,6,Tuesday,250,0,0,
20160907,2016-09-07,2016,3,9,September,36,7,Wednesday,251,0,0,
20160908,2016-09-08,2016,3,9,September,36,8,Thursday,252,0,0,
20160909,2016-09-09,2016,3,9,September,36,9,Friday,253,0,0,
20160910,2016-09-10,2016,3,9,September,36,10,Saturday,254,1,0,
20160911,2016-09-11,2016,3,9,September,36,11,Sunday,255,1,0,
20160912,2016-09-12,2016,3,9,September,37,12,Monday,256,0,0,
20160913,2016-09-13,2016,3,9,September,37,13,Tuesday,257,0,0,
20160914,2016-09-14,2016,3,9,September,37,14,Wednesday,258,0,0,
20160915,2016-09-15,2016,3,9,September,37,15,Thursday,259,0,0,
20160916,2016-09-16,2016,3,9,September,37,16,Friday,260,0,0,
20160917,2016-09-17,2016,3,9,September,37,17,Saturday,261,1,0,
20160918,2016-09-18,2016,3,9,September,37,18,Sunday,262,1,0,
20160919,2016-09-19,2016,3,9,September,38,19,Monday,263,0,0,
20160920,2016-09-20,2016,3,9,September,38,20,Tuesday,264,0,0,
20160921,2016-09-21,2016,3,9,September,38,21,Wednesday,265,0,0,
20160922,2016-09-22,2016,3,9,September,38,22,Thursday,266,0,0,
20160923,2016-09-23,2016,3,9,September,38,23,Friday,267,0,0,
20160924,2016-09-24,2016,3,9,September,38,24,Saturday,268,1,0,
20160925,2016-09-25,2016,3,9,September,38,25,Sunday,269,1,0,
20160926,2016-09-26,2016,3,9,September,39,26,Monday,270,0,0,
20160927,2016-09-27,2016,3,9,September,39,27,Tuesday,271,0,0,
20160928,2016-09-28,2016,3,9,September,39,28,Wednesday,272,0,0,
20160929,2016-09-29,2016,3,9,September,39,29,Thursday,273,0,0,
20160930,2016-09-30,2016,3,9,September,39,30,Friday,274,0,0,
20161001,2016-10-01,2016,4,10,October,39,1,Saturday,275,1,0,
20161002,2016-10-02,2016,4,10,October,39,2,Sunday,276,1,0,
20161003,2016-10-03,2016,4,10,October,40,3,Monday,277,0,0,
20161004,2016-10-04,2016,4,10,October,40,4,Tuesday,278,0,0,
20161005,2016-10-05,2016,4,10,October,40,5,Wednesday,279,0,0,
20161006,2016-10-06,2016,4,10,October,40,6,Thursday,280,0,0,
20161007,2016-10-07,2016,4,10,October,40,7,Friday,281,0,0,
20161008,2016-10-08,2016,4,10,October,40,8,Saturday,282,1,0,
20161009,2016-10-09,2016,4,10,October,40,9,Sunday,283,1,0,
20161010,2016-10-10,2016,4,10,October,41,10,Monday,284,0,1,Columbus Day
20161011,2016-10-11,2016,4,10,October,41,11,Tuesday,285,0,0,
20161012,2016-10-12,2016,4,10,October,41,12,Wednesday,286,0,0,
20161013,2016-10-13,2016,4,10,October,41,13,Thursday,287,0,0,
20161014,2016-10-14,2016,4,10,October,41,14,Friday,288,0,0,
20161015,2016-10-15,2016,4,10,October,41,15,Saturday,289,1,0,
20161016,2016-10-16,2016,4,10,October,41,16,Sunday,290,1,0,
20161017,2016-10-17,2016,4,10,October,42,17,Monday,291,0,0,
20161018,2016-10-18,2016,4,10,October,42,18,Tuesday,292,0,0,
20161019,2016-10-19,2016,4,10,October,42,19,Wednesday,293,0,0,
20161020,2016-10-20,2016,4,10,October,42,20,Thursday,294,0,0,
20161021,2016-10-21,2016,4,10,October,42,21,Friday,295,0,0,
20161022,2016-10-22,2016,4,10,October,42,22,Saturday,296,1,0,
20161023,2016-10-23,2016,4,10,October,42,23,Sunday,297,1,0,
20161024,2016-10-24,2016,4,10,October,43,24,Monday,298,0,0,
20161025,2016-10-25,2016,4,10,October,43,25,Tuesday,299,0,0,
20161026,2016-10-26,2016,4,10,October,43,26,Wednesday,300,0,0,
20161027,2016-10-27,2016,4,10,October,43,27,Thursday,301,0,0,
20161028,2016-10-28,2016,4,10,October,43,28,Friday,302,0,0,
20161029,2016-10-29,2016,4,10,October,43,29,Saturday,303,1,0,
20161030,2016-10-30,2016,4,10,October,43,30,Sunday,304,1,0,
20161031,2016-10-31,2016,4,10,October,44,31,Monday,305,0,0,
20161101,2016-11-01,2016,4,11,November,44,1,Tuesday,306,0,0,
20161102,2016-11-02,2016,4,11,November,44,2,Wednesday,307,0,0,
20161103,2016-11-03,2016,4,11,November,44,3,Thursday,308,0,0,
20161104,2016-11-04,2016,4,11,November,44,4,Friday,309,0,0,
20161105,2016-11-05,2016,4,11,November,44,5,Saturday,310,1,0,
20161106,2016-11-06,2016,4,11,November,44,6,Sunday,311,1,0,
20161107,2016-11-07,2016,4,11,November,45,7,Monday,312,0,0,
20161108,2016-11-08,2016,4,11,November,45,8,Tuesday,313,0,0,
20161109,2016-11-09,2016,4,11,November,45,9,Wednesday,314,0,0,
20161110,2016-11-10,2016,4,11,November,45,10,Thursday,315,0,0,
20161111,2016-11-11,2016,4,11,November,45,11,Friday,316,0,1,Veterans Day
20161112,2016-11-12,2016,4,11,November,45,12,Saturday,317,1,0,
20161113,2016-11-13,2016,4,11,November,45,13,Sunday,318,1,0,
20161114,2016-11-14,2016,4,11,November,46,14,Monday,319,0,0,
20161115,2016-11-15,2016,4,11,November,46,15,Tuesday,320,0,0,
20161116,2016-11-16,2016,4,11,November,46,16,Wednesday,321,0,0,
20161117,2016-11-17,2016,4,11,November,46,17,Thursday,322,0,0,
20161118,2016-11-18,2016,4,11,November,46,18,Friday,323,0,0,
20161119,2016-11-19,2016,4,11,November,46,19,Saturday,324,1,0,
20161120,2016-11-20,2016,4,11,November,46,20,Sunday,325,1,0,
20161121,2016-11-21,2016,4,11,November,47,21,Monday,326,0,0,
20161122,2016-11-22,2016,4,11,November,47,22,Tuesday,327,0,0,
20161123,2016-11-23,2016,4,11,November,47,23,Wednesday,328,0,0,
20161124,2016-11-24,2016,4,11,November,47,24,Thursday,329,0,1,Thanksgiving Day
20161125,2016-11-25,2016,4,11,November,47,25,Friday,330,0,0,
20161126,2016-11-26,2016,4,11,November,47,26,Saturday,331,1,0,
20161127,2016-11-27,2016,4,11,November,47,27,Sunday,332,1,0,
20161128,2016-11-28,2016,4,11,November,48,28,Monday,333,0,0,
20161129,2016-11-29,2016,4,11,November,48,29,Tuesday,334,0,0,
20161130,2016-11-30,2016,4,11,November,48,30,Wednesday,335,0,0,
20161201,2016-12-01,2016,4,12,December,48,1,Thursday,336,0,0,
20161202,2016-12-02,2016,4,12,December,48,2,Friday,337,0,0,
20161203,2016-12-03,2016,4,12,December,48,3,Saturday,338,1,0,
20161204,2016-12-04,2016,4,12,December,48,4,Sunday,339,1,0,
20161205,2016-12-05,2016,4,12,December,49,5,Monday,340,0,0,
20161206,2016-12-06,2016,4,12,December,49,6,Tuesday,341,0,0,
20161207,2016-12-07,2016,4,12,December,49,7,Wednesday,342,0,0,
20161208,2016-12-08,2016,4,12,December,49,8,Thursday,343,0,0,
20161209,2016-12-09,2016,4,12,December,49,9,Friday,344,0,0,
20161210,2016-12-10,2016,4,12,December,49,10,Saturday,345,1,0,
20161211,2016-12-11,2016,4,12,December,49,11,Sunday,346,1,0,
20161212,2016-12-12,2016,4,12,December,50,12,Monday,347,0,0,
20161213,2016-12-13,2016,4,12,December,50,13,Tuesday,348,0,0,
20161214,2016-12-14,2016,4,12,December,50,14,Wednesday,349,0,0,
20161215,2016-12-15,2016,4,12,December,50,15,Thursday,350,0,0,
20161216,2016-12-16,2016,4,12,December,50,16,Friday,351,0,0,
20161217,2016-12-17,2016,4,12,December,50,17,Saturday,352,1,0,
20161218,2016-12-18,2016,4,12,December,50,18,Sunday,353,1,0,
20161219,2016-12-19,2016,4,12,December,51,19,Monday,354,0,0,
20161220,2016-12-20,2016,4,12,December,51,20,Tuesday,355,0,0,
20161221,2016-12-21,2016,4,12,December,51,21,Wednesday,356,0,0,
20161222,2016-12-22,2016,4,12,December,51,22,Thursday,357,0,0,
20161223,2016-12-23,2016,4,12,December,51,23,Friday,358,0,0,
20161224,2016-12-24,2016,4,12,December,51,24,Saturday,359,1,0,
20161225,2016-12-25,2016,4,12,December,51,25,Sunday,360,1,1,Christmas Day
20161226,2016-12-26,2016,4,12,December,52,26,Monday,361,0,1,Christmas Day (observed)
20161227,2016-12-27,2016,4,12,December,52,27,Tuesday,362,0,0,
20161228,2016-12-28,2016,4,12,December,52,28,Wednesday,363,0,0,
20161229,2016-12-29,2016,4,12,December,52,29,Thursday,364,0,0,
20161230,2016-12-30,2016,4,12,December,52,30,Friday,365,0,0,
20161231,2016-12-31,2016,4,12,December,52,31,Saturday,366,1,0,
20170101,2017-01-01,2017,1,1,January,52,1,Sunday,1,1,1,New Year's Day
20170102,2017-01-02,2017,1,1,January,1,2,Monday,2,0,1,New Year's Day (observed)
20170103,2017-01-03,2017,1,1,January,1,3,Tuesday,3,0,0,
20170104,2017-01-04,2017,1,1,January,1,4,Wednesday,4,0,0,
20170105,2017-01-05,2017,1,1,January,1,5,Thursday,5,0,0,
20170106,2017-01-06,2017,1,1,January,1,6,Friday,6,0,0,
20170107,2017-01-07,2017,1,1,January,1,7,Saturday,7,1,0,
20170108,2017-01-08,2017,1,1,January,1,8,Sunday,8,1,0,
20170109,2017-01-09,2017,1,1,January,2,9,Monday,9,0,0,
20170110,2017-01-10,2017,1,1,January,2,10,Tuesday,10,0,0,
20170111,2017-01-11,2017,1,1,January,2,11,Wednesday,11,0,0,
20170112,2017-01-12,2017,1,1,January,2,12,Thursday,12,0,0,
20170113,2017-01-13,2017,1,1,January,2,13,Friday,13,0,0,
20170114,2017-01-14,2017,1,1,January,2,14,Saturday,14,1,0,
20170115,2017-01-15,2017,1,1,January,2,15,Sunday,15,1,0,
20170116,2017-01-16,2017,1,1,January,3,16,Monday,16,0,1,Martin Luther King Jr. Day
20170117,2017-01-17,2017,1,1,January,3,17,Tuesday,17,0,0,
20170118,2017-01-18,2017,1,1,January,3,18,Wednesday,18,0,0,
20170119,2017-01-19,2017,1,1,January,3,19,Thursday,19,0,0,
20170120,2017-01-20,2017,1,1,January,3,20,Friday,20,0,0,
20170121,2017-01-21,2017,1,1,January,3,21,Saturday,21,1,0,
20170122,2017-01-22,2017,1,1,January,3,22,Sunday,22,1,0,
20170123,2017-01-23,2017,1,1,January,4,23,Monday,23,0,0,
20170124,2017-01-24,2017,1,1,January,4,24,Tuesday,24,0,0,
20170125,2017-01-25,2017,1,1,January,4,25,Wednesday,25,0,0,
20170126,2017-01-26,2017,1,1,January,4,26,Thursday,26,0,0,
20170127,2017-01-27,2017,1,1,January,4,27,Friday,27,0,0,
20170128,2017-01-28,2017,1,1,January,4,28,Saturday,28,1,0,
20170129,2017-01-29,2017,1,1,January,4,29,Sunday,29,1,0,
20170130,2017-01-30,2017,1,1,January,5,30,Monday,30,0,0,
20170131,2017-01-31,2017,1,1,January,5,31,Tuesday,31,0,0,
20170201,2017-02-01,2017,1,2,February,5,1,Wednesday,32,0,0,
20170202,2017-02-02,2017,1,2,February,5,2,Thursday,33,0,0,
20170203,2017-02-03,2017,1,2,February,5,3,Friday,34,0,0,
20170204,2017-02-04,2017,1,2,February,5,4,Saturday,35,1,0,
20170205,2017-02-05,2017,1,2,February,5,5,Sunday,36,1,0,
20170206,2017-02-06,2017,1,2,February,6,6,Monday,37,0,0,
20170207,2017-02-07,2017,1,2,February,6,7,Tuesday,38,0,0,
20170208,2017-02-08,2017,1,2,February,6,8,Wednesday,39,0,0,
20170209,2017-02-09,2017,1,2,February,6,9,Thursday,40,0,0,
20170210,2017-02-10,2017,1,2,February,6,10,Friday,41,0,0,
20170211,2017-02-11,2017,1,2,February,6,11,Saturday,42,1,0,
20170212,2017-02-12,2017,1,2,February,6,12,Sunday,43,1,0,
20170213,2017-02-13,2017,1,2,February,7,13,Monday,44,0,0,
20170214,2017-02-14,2017,1,2,February,7,14,Tuesday,45,0,0,
20170215,2017-02-15,2017,1,2,February,7,15,Wednesday,46,0,0,
20170216,2017-02-16,2017,1,2,February,7,16,Thursday,47,0,0,
20170217,2017-02-17,2017,1,2,February,7,17,Friday,48,0,0,
20170218,2017-02-18,2017,1,2,February,7,18,Saturday,49,1,0,
20170219,2017-02-19,2017,1,2,February,7,19,Sunday,50,1,0,
20170220,2017-02-20,2017,1,2,February,8,20,Monday,51,0,1,Washington's Birthday
20170221,2017-02-21,2017,1,2,February,8,21,Tuesday,52,0,0,
20170222,2017-02-22,2017,1,2,February,8,22,Wednesday,53,0,0,
20170223,2017-02-23,2017,1,2,February,8,23,Thursday,54,0,0,
20170224,2017-02-24,2017,1,2,February,8,24,Friday,55,0,0,
20170225,2017-02-25,2017,1,2,February,8,25,Saturday,56,1,0,
20170226,2017-02-26,2017,1,2,February,8,26,Sunday,57,1,0,
20170227,2017-02-27,2017,1,2,February,9,27,Monday,58,0,0,
20170228,2017-02-28,2017,1,2,February,9,28,Tuesday,59,0,0,
20170301,2017-03-01,2017,1,3,March,9,1,Wednesday,60,0,0,
20170302,2017-03-02,2017,1,3,March,9,2,Thursday,61,0,0,
20170303,2017-03-03,2017,1,3,March,9,3,Friday,62,0,0,
20170304,2017-03-04,2017,1,3,March,9,4,Saturday,63,1,0,
20170305,2017-03-05,2017,1,3,March,9,5,Sunday,64,1,0,
20170306,2017-03-06,2017,1,3,March,10,6,Monday,65,0,0,
20170307,2017-03-07,2017,1,3,March,10,7,Tuesday,66,0,0,
20170308,2017-03-08,2017,1,3,March,10,8,Wednesday,67,0,0,
20170309,2017-03-09,2017,1,3,March,10,9,Thursday,68,0,0,
20170310,2017-03-10,2017,1,3,March,10,10,Friday,69,0,0,
20170311,2017-03-11,2017,1,3,March,10,11,Saturday,70,1,0,
20170312,2017-03-12,2017,1,3,March,10,12,Sunday,71,1,0,
20170313,2017-03-13,2017,1,3,March,11,13,Monday,72,0,0,
20170314,2017-03-14,2017,1,3,March,11,14,Tuesday,73,0,0,
20170315,2017-03-15,2017,1,3,March,11,15,Wednesday,74,0,0,
20170316,2017-03-16,2017,1,3,March,11,16,Thursday,75,0,0,
20170317,2017-03-17,2017,1,3,March,11,17,Friday,76,0,0,
20170318,2017-03-18,2017,1,3,March,11,18,Saturday,77,1,0,
20170319,2017-03-19,2017,1,3,March,11,19,Sunday,78,1,0,
20170320,2017-03-20,2017,1,3,March,12,20,Monday,79,0,0,
20170321,2017-03-21,2017,1,3,March,12,21,Tuesday,80,0,0,
20170322,2017-03-22,2017,1,3,March,12,22,Wednesday,81,0,0,
20170323,2017-03-23,2017,1,3,March,12,23,Thursday,82,0,0,
20170324,2017-03-24,2017,1,3,March,12,24,Friday,83,0,0,
20170325,2017-03-25,2017,1,3,March,12,25,Saturday,84,1,0,
20170326,2017-03-26,2017,1,3,March,12,26,Sunday,85,1,0,
20170327,2017-03-27,2017,1,3,March,13,27,Monday,86,0,0,
20170328,2017-03-28,2017,1,3,March,13,28,Tuesday,87,0,0,
20170329,2017-03-29,2017,1,3,March,13,29,Wednesday,88,0,0,
20170330,2017-03-30,2017,1,3,March,13,30,Thursday,89,0,0,
20170331,2017-03-31,2017,1,3,March,13,31,Friday,90,0,0,
20170401,2017-04-01,2017,2,4,April,13,1,Saturday,91,1,0,
20170402,2017-04-02,2017,2,4,April,13,2,Sunday,92,1,0,
20170403,2017-04-03,2017,2,4,April,14,3,Monday,93,0,0,
20170404,2017-04-04,2017,2,4,April,14,4,Tuesday,94,0,0,
20170405,2017-04-05,2017,2,4,April,14,5,Wednesday,95,0,0,
20170406,2017-04-06,2017,2,4,April,14,6,Thursday,96,0,0,
20170407,2017-04-07,2017,2,4,April,14,7,Friday,97,0,0,
20170408,2017-04-08,2017,2,4,April,14,8,Saturday,98,1,0,
20170409,2017-04-09,2017,2,4,April,14,9,Sunday,99,1,0,
20170410,2017-04-10,2017,2,4,April,15,10,Monday,100,0,0,
20170411,2017-04-11,2017,2,4,April,15,11,Tuesday,101,0,0,
20170412,2017-04-12,2017,2,4,April,15,12,Wednesday,102,0,0,
20170413,2017-04-13,2017,2,4,April,15,13,Thursday,103,0,0,
20170414,2017-04-14,2017,2,4,April,15,14,Friday,104,0,0,
20170415,2017-04-15,2017,2,4,April,15,15,Saturday,105,1,0,
20170416,2017-04-16,2017,2,4,April,15,16,Sunday,106,1,0,
20170417,2017-04-17,2017,2,4,April,16,17,Monday,107,0,0,
20170418,2017-04-18,2017,2,4,April,16,18,Tuesday,108,0,0,
20170419,2017-04-19,2017,2,4,April,16,19,Wednesday,109,0,0,
20170420,2017-04-20,2017,2,4,April,16,20,Thursday,110,0,0,
20170421,2017-04-21,2017,2,4,April,16,21,Friday,111,0,0,
20170422,2017-04-22,2017,2,4,April,16,22,Saturday,112,1,0,
20170423,2017-04-23,2017,2,4,April,16,23,Sunday,113,1,0,
20170424,2017-04-24,2017,2,4,April,17,24,Monday,114,0,0,
20170425,2017-04-25,2017,2,4,April,17,25,Tuesday,115,0,0,
20170426,2017-04-26,2017,2,4,April,17,26,Wednesday,116,0,0,
20170427,2017-04-27,2017,2,4,April,17,27,Thursday,117,0,0,
20170428,2017-04-28,2017,2,4,April,17,28,Friday,118,0,0,
20170429,2017-04-29,2017,2,4,April,17,29,Saturday,119,1,0,
20170430,2017-04-30,2017,2,4,April,17,30,Sunday,120,1,0,
20170501,2017-05-01,2017,2,5,May,18,1,Monday,121,0,0,
20170502,2017-05-02,2017,2,5,May,18,2,Tuesday,122,0,0,
20170503,2017-05-03,2017,2,5,May,18,3,Wednesday,123,0,0,
20170504,2017-05-04,2017,2,5,May,18,4,Thursday,124,0,0,
20170505,2017-05-05,2017,2,5,May,18,5,Friday,125,0,0,
20170506,2017-05-06,2017,2,5,May,18,6,Saturday,126,1,0,
20170507,2017-05-07,2017,2,5,May,18,7,Sunday,127,1,0,
20170508,2017-05-08,2017,2,5,May,19,8,Monday,128,0,0,
20170509,2017-05-09,2017,2,5,May,19,9,Tuesday,129,0,0,
20170510,2017-05-10,2017,2,5,May,19,10,Wednesday,130,0,0,
20170511,2017-05-11,2017,2,5,May,19,11,Thursday,131,0,0,
20170512,2017-05-12,2017,2,5,May,19,12,Friday,132,0,0,
20170513,2017-05-13,2017,2,5,May,19,13,Saturday,133,1,0,
20170514,2017-05-14,2017,2,5,May,19,14,Sunday,134,1,0,
20170515,2017-05-15,2017,2,5,May,20,15,Monday,135,0,0,
20170516,2017-05-16,2017,2,5,May,20,16,Tuesday,136,0,0,
20170517,2017-05-17,2017,2,5,May,20,17,Wednesday,137,0,0,
20170518,2017-05-18,2017,2,5,May,20,18,Thursday,138,0,0,
20170519,2017-05-19,2017,2,5,May,20,19,Friday,139,0,0,
20170520,2017-05-20,2017,2,5,May,20,20,Saturday,140,1,0,
20170521,2017-05-21,2017,2,5,May,20,21,Sunday,141,1,0,
20170522,2017-05-22,2017,2,5,May,21,22,Monday,142,0,0,
20170523,2017-05-23,2017,2,5,May,21,23,Tuesday,143,0,0,
20170524,2017-05-24,2017,2,5,May,21,24,Wednesday,144,0,0,
20170525,2017-05-25,2017,2,5,May,21,25,Thursday,145,0,0,
20170526,2017-05-26,2017,2,5,May,21,26,Friday,146,0,0,
20170527,2017-05-27,2017,2,5,May,21,27,Saturday,147,1,0,
20170528,2017-05-28,2017,2,5,May,21,28,Sunday,148,1,0,
20170529,2017-05-29,2017,2,5,May,22,29,Monday,149,0,1,Memorial Day
20170530,2017-05-30,2017,2,5,May,22,30,Tuesday,150,0,0,
20170531,2017-05-31,2017,2,5,May,22,31,Wednesday,151,0,0,
20170601,2017-06-01,2017,2,6,June,22,1,Thursday,152,0,0,
20170602,2017-06-02,2017,2,6,June,22,2,Friday,153,0,0,
20170603,2017-06-03,2017,2,6,June,22,3,Saturday,154,1,0,
20170604,2017-06-04,2017,2,6,June,22,4,Sunday,155,1,0,
20170605,2017-06-05,2017,2,6,June,23,5,Monday,156,0,0,
20170606,2017-06-06,2017,2,6,June,23,6,Tuesday,157,0,0,
20170607,2017-06-07,2017,2,6,June,23,7,Wednesday,158,0,0,
20170608,2017-06-08,2017,2,6,June,23,8,Thursday,159,0,0,
20170609,2017-06-09,2017,2,6,June,23,9,Friday,160,0,0,
20170610,2017-06-10,2017,2,6,June,23,10,Saturday,161,1,0,
20170611,2017-06-11,2017,2,6,June,23,11,Sunday,162,1,0,
20170612,2017-06-12,2017,2,6,June,24,12,Monday,163,0,0,
20170613,2017-06-13,2017,2,6,June,24,13,Tuesday,164,0,0,
20170614,2017-06-14,2017,2,6,June,24,14,Wednesday,165,0,0,
20170615,2017-06-15,2017,2,6,June,24,15,Thursday,166,0,0,
20170616,2017-06-16,2017,2,6,June,24,16,Friday,167,0,0,
20170617,2017-06-17,2017,2,6,June,24,17,Saturday,168,1,0,
20170618,2017-06-18,2017,2,6,June,24,18,Sunday,169,1,0,
20170619,2017-06-19,2017,2,6,June,25,19,Monday,170,0,0,
20170620,2017-06-20,2017,2,6,June,25,20,Tuesday,171,0,0,
20170621,2017-06-21,2017,2,6,June,25,21,Wednesday,172,0,0,
20170622,2017-06-22,2017,2,6,June,25,22,Thursday,173,0,0,
20170623,2017-06-23,2017,2,6,June,25,23,Friday,174,0,0,
20170624,2017-06-24,2017,2,6,June,25,24,Saturday,175,1,0,
20170625,2017-06-25,2017,2,6,June,25,25,Sunday,176,1,0,
20170626,2017-06-26,2017,2,6,June,26,26,Monday,177,0,0,
20170627,2017-06-27,2017,2,6,June,26,27,Tuesday,178,0,0,
20170628,2017-06-28,2017,2,6,June,26,28,Wednesday,179,0,0,
20170629,2017-06-29,2017,2,6,June,26,29,Thursday,180,0,0,
20170630,2017-06-30,2017,2,6,June,26,30,Friday,181,0,0,
20170701,2017-07-01,2017,3,7,July,26,1,Saturday,182,1,0,
20170702,2017-07-02,2017,3,7,July,26,2,Sunday,183,1,0,
20170703,2017-07-03,2017,3,7,July,27,3,Monday,184,0,0,
20170704,2017-07-04,2017,3,7,July,27,4,Tuesday,185,0,1,Independence Day
20170705,2017-07-05,2017,3,7,July,27,5,Wednesday,186,0,0,
20170706,2017-07-06,2017,3,7,July,27,6,Thursday,187,0,0,
20170707,2017-07-07,2017,3,7,July,27,7,Friday,188,0,0,
20170708,2017-07-08,2017,3,7,July,27,8,Saturday,189,1,0,
20170709,2017-07-09,2017,3,7,July,27,9,Sunday,190,1,0,
20170710,2017-07-10,2017,3,7,July,28,10,Monday,191,0,0,
20170711,2017-07-11,2017,3,7,July,28,11,Tuesday,192,0,0,
20170712,2017-07-12,2017,3,7,July,28,12,Wednesday,193,0,0,
20170713,2017-07-13,2017,3,7,July,28,13,Thursday,194,0,0,
20170714,2017-07-14,2017,3,7,July,28,14,Friday,195,0,0,
20170715,2017-07-15,2017,3,7,July,28,15,Saturday,196,1,0,
20170716,2017-07-16,2017,3,7,July,28,16,Sunday,197,1,0,
20170717,2017-07-17,2017,3,7,July,29,17,Monday,198,0,0,
20170718,2017-07-18,2017,3,7,July,29,18,Tuesday,199,0,0,
20170719,2017-07-19,2017,3,7,July,29,19,Wednesday,200,0,0,
20170720,2017-07-20,2017,3,7,July,29,20,Thursday,201,0,0,
20170721,2017-07-21,2017,3,7,July,29,21,Friday,202,0,0,
20170722,2017-07-22,2017,3,7,July,29,22,Saturday,203,1,0,
20170723,2017-07-23,2017,3,7,July,29,23,Sunday,204,1,0,
20170724,2017-07-24,2017,3,7,July,30,24,Monday,205,0,0,
20170725,2017-07-25,2017,3,7,July,30,25,Tuesday,206,0,0,
20170726,2017-07-26,2017,3,7,July,30,26,Wednesday,207,0,0,
20170727,2017-07-27,2017,3,7,July,30,27,Thursday,208,0,0,
20170728,2017-07-28,2017,3,7,July,30,28,Friday,209,0,0,
20170729,2017-07-29,2017,3,7,July,30,29,Saturday,210,1,0,
20170730,2017-07-30,2017,3,7,July,30,30,Sunday,211,1,0,
20170731,2017-07-31,2017,3,7,July,31,31,Monday,212,0,0,
20170801,2017-08-01,2017,3,8,August,31,1,Tuesday,213,0,0,
20170802,2017-08-02,2017,3,8,August,31,2,Wednesday,214,0,0,
20170803,2017-08-03,2017,3,8,August,31,3,Thursday,215,0,0,
20170804,2017-08-04,2017,3,8,August,31,4,Friday,216,0,0,
20170805,2017-08-05,2017,3,8,August,31,5,Saturday,217,1,0,
20170806,2017-08-06,2017,3,8,August,31,6,Sunday,218,1,0,
20170807,2017-08-07,2017,3,8,August,32,7,Monday,219,0,0,
20170808,2017-08-08,2017,3,8,August,32,8,Tuesday,220,0,0,
20170809,2017-08-09,2017,3,8,August,32,9,Wednesday,221,0,0,
20170810,2017-08-10,2017,3,8,August,32,10,Thursday,222,0,0,
20170811,2017-08-11,2017,3,8,August,32,11,Friday,223,0,0,
20170812,2017-08-12,2017,3,8,August,32,12,Saturday,224,1,0,
20170813,2017-08-13,2017,3,8,August,32,13,Sunday,225,1,0,
20170814,2017-08-14,2017,3,8,August,33,14,Monday,226,0,0,
20170815,2017-08-15,2017,3,8,August,33,15,Tuesday,227,0,0,
20170816,2017-08-16,2017,3,8,August,33,16,Wednesday,228,0,0,
20170817,2017-08-17,2017,3,8,August,33,17,Thursday,229,0,0,
20170818,2017-08-18,2017,3,8,August,33,18,Friday,230,0,0,
20170819,2017-08-19,2017,3,8,August,33,19,Saturday,231,1,0,
20170820,2017-08-20,2017,3,8,August,33,20,Sunday,232,1,0,
20170821,2017-08-21,2017,3,8,August,34,21,Monday,233,0,0,
20170822,2017-08-22,2017,3,8,August,34,22,Tuesday,234,0,0,
20170823,2017-08-23,2017,3,8,August,34,23,Wednesday,235,0,0,
20170824,2017-08-24,2017,3,8,August,34,24,Thursday,236,0,0,
20170825,2017-08-25,2017,3,8,August,34,25,Friday,237,0,0,
20170826,2017-08-26,2017,3,8,August,34,26,Saturday,238,1,0,
20170827,2017-08-27,2017,3,8,August,34,27,Sunday,239,1,0,
20170828,2017-08-28,2017,3,8,August,35,28,Monday,240,0,0,
20170829,2017-08-29,2017,3,8,August,35,29,Tuesday,241,0,0,
20170830,2017-08-30,2017,3,8,August,35,30,Wednesday,242,0,0,
20170831,2017-08-31,2017,3,8,August,35,31,Thursday,243,0,0,
20170901,2017-09-01,2017,3,9,September,35,1,Friday,244,0,0,
20170902,2017-09-02,2017,3,9,September,35,2,Saturday,245,1,0,
20170903,2017-09-03,2017,3,9,September,35,3,Sunday,246,1,0,
20170904,2017-09-04,2017,3,9,September,36,4,Monday,247,0,1,Labor Day
20170905,2017-09-05,2017,3,9,September,36,5,Tuesday,248,0,0,
20170906,2017-09-06,2017,3,9,September,36,6,Wednesday,249,0,0,
20170907,2017-09-07,2017,3,9,September,36,7,Thursday,250,0,0,
20170908,2017-09-08,2017,3,9,September,36,8,Friday,251,0,0,
20170909,2017-09-09,2017,3,9,September,36,9,Saturday,252,1,0,
20170910,2017-09-10,2017,3,9,September,36,10,Sunday,253,1,0,
20170911,2017-09-11,2017,3,9,September,37,11,Monday,254,0,0,
20170912,2017-09-12,2017,3,9,September,37,12,Tuesday,255,0,0,
20170913,2017-09-13,2017,3,9,September,37,13,Wednesday,256,0,0,
20170914,2017-09-14,2017,3,9,September,37,14,Thursday,257,0,0,
20170915,2017-09-15,2017,3,9,September,37,15,Friday,258,0,0,
20170916,2017-09-16,2017,3,9,September,37,16,Saturday,259,1,0,
20170917,2017-09-17,2017,3,9,September,37,17,Sunday,260,1,0,
20170918,2017-09-18,2017,3,9,September,38,18,Monday,261,0,0,
20170919,2017-09-19,2017,3,9,September,38,19,Tuesday,262,0,0,
20170920,2017-09-20,2017,3,9,September,38,20,Wednesday,263,0,0,
20170921,2017-09-21,2017,3,9,September,38,21,Thursday,264,0,0,
20170922,2017-09-22,2017,3,9,September,38,22,Friday,265,0,0,
20170923,2017-09-23,2017,3,9,September,38,23,Saturday,266,1,0,
20170924,2017-09-24,2017,3,9,September,38,24,Sunday,267,1,0,
20170925,2017-09-25,2017,3,9,September,39,25,Monday,268,0,0,
20170926,2017-09-26,2017,3,9,September,39,26,Tuesday,269,0,0,
20170927,2017-09-27,2017,3,9,September,39,27,Wednesday,270,0,0,
20170928,2017-09-28,2017,3,9,September,39,28,Thursday,271,0,0,
20170929,2017-09-29,2017,3,9,September,39,29,Friday,272,0,0,
20170930,2017-09-30,2017,3,9,September,39,30,Saturday,273,1,0,
20171001,2017-10-01,2017,4,10,October,39,1,Sunday,274,1,0,
20171002,2017-10-02,2017,4,10,October,40,2,Monday,275,0,0,
20171003,2017-10-03,2017,4,10,October,40,3,Tuesday,276,0,0,
20171004,2017-10-04,2017,4,10,October,40,4,Wednesday,277,0,0,
20171005,2017-10-05,2017,4,10,October,40,5,Thursday,278,0,0,
20171006,2017-10-06,2017,4,10,October,40,6,Friday,279,0,0,
20171007,2017-10-07,2017,4,10,October,40,7,Saturday,280,1,0,
20171008,2017-10-08,2017,4,10,October,40,8,Sunday,281,1,0,
20171009,2017-10-09,2017,4,10,October,41,9,Monday,282,0,1,Columbus Day
20171010,2017-10-10,2017,4,10,October,41,10,Tuesday,283,0,0,
20171011,2017-10-11,2017,4,10,October,41,11,Wednesday,284,0,0,
20171012,2017-10-12,2017,4,10,October,41,12,Thursday,285,0,0,
20171013,2017-10-13,2017,4,10,October,41,13,Friday,286,0,0,
20171014,2017-10-14,2017,4,10,October,41,14,Saturday,287,1,0,
20171015,2017-10-15,2017,4,10,October,41,15,Sunday,288,1,0,
20171016,2017-10-16,2017,4,10,October,42,16,Monday,289,0,0,
20171017,2017-10-17,2017,4,10,October,42,17,Tuesday,290,0,0,
20171018,2017-10-18,2017,4,10,October,42,18,Wednesday,291,0,0,
20171019,2017-10-19,2017,4,10,October,42,19,Thursday,292,0,0,
20171020,2017-10-20,2017,4,10,October,42,20,Friday,293,0,0,
20171021,2017-10-21,2017,4,10,October,42,21,Saturday,294,1,0,
20171022,2017-10-22,2017,4,10,October,42,22,Sunday,295,1,0,
20171023,2017-10-23,2017,4,10,October,43,23,Monday,296,0,0,
20171024,2017-10-24,2017,4,10,October,43,24,Tuesday,297,0,0,
20171025,2017-10-25,2017,4,10,October,43,25,Wednesday,298,0,0,
20171026,2017-10-26,2017,4,10,October,43,26,Thursday,299,0,0,
20171027,2017-10-27,2017,4,10,October,43,27,Friday,300,0,0,
20171028,2017-10-28,2017,4,10,October,43,28,Saturday,301,1,0,
20171029,2017-10-29,2017,4,10,October,43,29,Sunday,302,1,0,
20171030,2017-10-30,2017,4,10,October,44,30,Monday,303,0,0,
20171031,2017-10-31,2017,4,10,October,44,31,Tuesday,304,0,0,
20171101,2017-11-01,2017,4,11,November,44,1,Wednesday,305,0,0,
20171102,2017-11-02,2017,4,11,November,44,2,Thursday,306,0,0,
20171103,2017-11-03,2017,4,11,November,44,3,Friday,307,0,0,
20171104,2017-11-04,2017,4,11,November,44,4,Saturday,308,1,0,
20171105,2017-11-05,2017,4,11,November,44,5,Sunday,309,1,0,
20171106,2017-11-06,2017,4,11,November,45,6,Monday,310,0,0,
20171107,2017-11-07,2017,4,11,November,45,7,Tuesday,311,0,0,
20171108,2017-11-08,2017,4,11,November,45,8,Wednesday,312,0,0,
20171109,2017-11-09,2017,4,11,November,45,9,Thursday,313,0,0,
20171110,2017-11-10,2017,4,11,November,45,10,Friday,314,0,1,Veterans Day (observed)
20171111,2017-11-11,2017,4,11,November,45,11,Saturday,315,1,1,Veterans Day
20171112,2017-11-12,2017,4,11,November,45,12,Sunday,316,1,0,
20171113,2017-11-13,2017,4,11,November,46,13,Monday,317,0,0,
20171114,2017-11-14,2017,4,11,November,46,14,Tuesday,318,0,0,
20171115,2017-11-15,2017,4,11,November,46,15,Wednesday,319,0,0,
20171116,2017-11-16,2017,4,11,November,46,16,Thursday,320,0,0,
20171117,2017-11-17,2017,4,11,November,46,17,Friday,321,0,0,
20171118,2017-11-18,2017,4,11,November,46,18,Saturday,322,1,0,
20171119,2017-11-19,2017,4,11,November,46,19,Sunday,323,1,0,
20171120,2017-11-20,2017,4,11,November,47,20,Monday,324,0,0,
20171121,2017-11-21,2017,4,11,November,47,21,Tuesday,325,0,0,
20171122,2017-11-22,2017,4,11,November,47,22,Wednesday,326,0,0,
20171123,2017-11-23,2017,4,11,November,47,23,Thursday,327,0,1,Thanksgiving Day
20171124,2017-11-24,2017,4,11,November,47,24,Friday,328,0,0,
20171125,2017-11-25,2017,4,11,November,47,25,Saturday,329,1,0,
20171126,2017-11-26,2017,4,11,November,47,26,Sunday,330,1,0,
20171127,2017-11-27,2017,4,11,November,48,27,Monday,331,0,0,
20171128,2017-11-28,2017,4,11,November,48,28,Tuesday,332,0,0,
20171129,2017-11-29,2017,4,11,November,48,29,Wednesday,333,0,0,
20171130,2017-11-30,2017,4,11,November,48,30,Thursday,334,0,0,
20171201,2017-12-01,2017,4,12,December,48,1,Friday,335,0,0,
20171202,2017-12-02,2017,4,12,December,48,2,Saturday,336,1,0,
20171203,2017-12-03,2017,4,12,December,48,3,Sunday,337,1,0,
20171204,2017-12-04,2017,4,12,December,49,4,Monday,338,0,0,
20171205,2017-12-05,2017,4,12,December,49,5,Tuesday,339,0,0,
20171206,2017-12-06,2017,4,12,December,49,6,Wednesday,340,0,0,
20171207,2017-12-07,2017,4,12,December,49,7,Thursday,341,0,0,
20171208,2017-12-08,2017,4,12,December,49,8,Friday,342,0,0,
20171209,2017-12-09,2017,4,12,December,49,9,Saturday,343,1,0,
20171210,2017-12-10,2017,4,12,December,49,10,Sunday,344,1,0,
20171211,2017-12-11,2017,4,12,December,50,11,Monday,345,0,0,
20171212,2017-12-12,2017,4,12,December,50,12,Tuesday,346,0,0,
20171213,2017-12-13,2017,4,12,December,50,13,Wednesday,347,0,0,
20171214,2017-12-14,2017,4,12,December,50,14,Thursday,348,0,0,
20171215,2017-12-15,2017,4,12,December,50,15,Friday,349,0,0,
20171216,2017-12-16,2017,4,12,December,50,16,Saturday,350,1,0,
20171217,2017-12-17,2017,4,12,December,50,17,Sunday,351,1,0,
20171218,2017-12-18,2017,4,12,December,51,18,Monday,352,0,0,
20171219,2017-12-19,2017,4,12,December,51,19,Tuesday,353,0,0,
20171220,2017-12-20,2017,4,12,December,51,20,Wednesday,354,0,0,
20171221,2017-12-21,2017,4,12,December,51,21,Thursday,355,0,0,
20171222,2017-12-22,2017,4,12,December,51,22,Friday,356,0,0,
20171223,2017-12-23,2017,4,12,December,51,23,Saturday,357,1,0,
20171224,2017-12-24,2017,4,12,December,51,24,Sunday,358,1,0,
20171225,2017-12-25,2017,4,12,December,52,25,Monday,359,0,1,Christmas Day
20171226,2017-12-26,2017,4,12,December,52,26,Tuesday,360,0,0,
20171227,2017-12-27,2017,4,12,December,52,27,Wednesday,361,0,0,
20171228,2017-12-28,2017,4,12,December,52,28,Thursday,362,0,0,
20171229,2017-12-29,2017,4,12,December,52,29,Friday,363,0,0,
20171230,2017-12-30,2017,4,12,December,52,30,Saturday,364,1,0,
20171231,2017-12-31,2017,4,12,December,52,31,Sunday,365,1,0,
