store_key,item_key,policy_key,avg_daily_demand,annual_demand,unit_price,eoq,best_model_name,service_level,z_value,forecast_error_sigma,safety_stock,reorder_point,avg_inventory,holding_cost
1,1,1,22.172602739726027,8093.0,2297.68,162.5326550793165,XGBoost,0.95,1.645,6.357585730532482,27.66987183599824,182.87809101408044,108.93619937565649,50060.10531629168
1,1,2,22.172602739726027,8093.0,2297.68,162.5326550793165,XGBoost,0.95,1.645,4.755866587731112,20.698772227268798,175.906991405351,101.96509976692704,46856.63408649458
1,2,1,59.0986301369863,21571.0,235.35,829.1033497480373,XGBoost,0.95,1.645,10.55957096379022,45.958007897241835,459.64841885614595,460.5096827712605,21676.19076804323
1,2,2,59.0986301369863,21571.0,235.35,829.1033497480373,XGBoost,0.95,1.645,7.293531530187251,31.743352150626933,445.43376310953107,446.2950270246456,21007.10692205007
1,3,1,37.14520547945205,13558.0,767.06,364.09421485868523,XGBoost,0.95,1.645,8.582328035856596,37.352530798944805,297.3689691551092,219.39963822828742,33658.53729987803
1,3,2,37.14520547945205,13558.0,767.06,364.09421485868523,XGBoost,0.95,1.645,5.925161377118227,25.787848227527814,285.8042865836922,207.83495565687042,31884.376217231806
1,4,1,22.15068493150685,8085.0,1783.76,184.37516984681918,XGBoost,0.95,1.645,6.5576479970144215,28.540595017313635,183.5953895378616,120.72817994072322,43070.01965021289
1,4,2,22.15068493150685,8085.0,1783.76,184.37516984681918,XGBoost,0.95,1.645,4.331803703092008,18.85313991247106,173.907934433019,111.04072483588065,39614.00066665009
1,5,1,18.663013698630138,6812.0,2500.0,142.95453822806746,XGBoost,0.95,1.645,6.195377652110441,26.963899957530863,157.6049958479418,98.44116907156459,49220.58453578229
1,5,2,18.663013698630138,6812.0,2500.0,142.95453822806746,XGBoost,0.95,1.645,4.286730377211412,18.656969038305938,149.29806492871688,90.13423815233966,45067.11907616983
1,6,1,59.172602739726024,21598.0,278.63,762.4712323868309,XGBoost,0.95,1.645,11.176621392127082,48.643572353955626,462.8517915320378,429.8791885473711,23955.4476609908
1,6,2,59.172602739726024,21598.0,278.63,762.4712323868309,XGBoost,0.95,1.645,7.985686214016373,34.75578992244659,448.96400910052876,415.99140611586205,23181.537097212527
1,7,1,58.52876712328767,21363.0,256.08,790.9953335004536,XGBoost,0.95,1.645,11.88980299220732,51.74752475136349,461.4488946143772,447.2451915015903,22906.109727945448
1,7,2,58.52876712328767,21363.0,256.08,790.9953335004536,XGBoost,0.95,1.645,8.04246836901041,35.00292067582538,444.70429053883913,430.5005874260522,22048.51808561269
1,8,1,77.69041095890411,28357.0,85.49,1577.2593651408613,XGBoost,0.95,1.645,15.741203111394343,68.50982292616571,612.3426996384945,857.1395054965964,14655.371264980804
1,8,2,77.69041095890411,28357.0,85.49,1577.2593651408613,XGBoost,0.95,1.645,9.539815241202122,41.51976493143677,585.3526416437655,830.1494475018674,14193.895253386927
1,9,1,51.75068493150685,18889.0,303.16,683.5954537775876,XGBoost,0.95,1.645,11.682084322725464,50.8434789065856,413.09827342713356,392.6412057953794,23806.621589785445
1,9,2,51.75068493150685,18889.0,303.16,683.5954537775876,XGBoost,0.95,1.645,7.7951993854454695,33.92674154521594,396.18153606576385,375.72446843400974,22780.92597009088
1,10,1,74.27397260273973,27110.0,93.02,1478.451978830858,XGBoost,0.95,1.645,15.405507792009658,67.04878931104516,586.9665975302233,806.2747787264742,14999.935983427325
1,10,2,74.27397260273973,27110.0,93.02,1478.451978830858,XGBoost,0.95,1.645,9.741837724638986,42.399019488373725,562.3168277075519,781.6250089038027,14541.351665646345
1,11,1,70.96438356164384,25902.0,101.21,1385.433130110617,XGBoost,0.95,1.645,12.698396880132952,55.266736319179785,552.0174212506867,747.9833013744883,15140.677986422392
1,11,2,70.96438356164384,25902.0,101.21,1385.433130110617,XGBoost,0.95,1.645,8.94706338823964,38.939954214413426,535.6906391459203,731.6565192697219,14810.191263057712
1,12,1,70.78904109589041,25838.0,110.12,1326.5602427833353,XGBoost,0.95,1.645,10.637626698084372,46.297726818154125,541.821014489387,709.5778482098218,15627.742528973116
1,12,2,70.78904109589041,25838.0,110.12,1326.5602427833353,XGBoost,0.95,1.645,7.131288934126964,31.03723004239202,526.5605177136249,694.3173514340597,15291.645347983731
1,13,1,84.98082191780821,31018.0,47.35,2216.550017706031,XGBoost,0.95,1.645,15.180707952271357,66.07040175671943,660.9361551813769,1174.3454106097352,11121.051038474192
1,13,2,84.98082191780821,31018.0,47.35,2216.550017706031,XGBoost,0.95,1.645,10.297860243639942,44.818974561067144,639.6847279857246,1153.0939834140827,10919.800022931364
1,14,1,59.11506849315069,21577.0,182.71,941.1200018393967,XGBoost,0.95,1.645,12.552512725690388,54.63181041689224,468.437289868947,525.1918113365906,19191.559169861695
1,14,2,59.11506849315069,21577.0,182.71,941.1200018393967,XGBoost,0.95,1.645,7.07406513893424,30.78817715564165,444.59365660769646,501.34817807534,18320.265123229074
1,15,1,89.00821917808219,32488.0,40.0,2468.0964324758465,XGBoost,0.95,1.645,13.95963740036743,60.75598412934386,683.8135183759191,1294.8042003672672,10358.433602938137
1,15,2,89.00821917808219,32488.0,40.0,2468.0964324758465,XGBoost,0.95,1.645,9.314044658447166,40.537152450229215,663.5946866968045,1274.5853686881526,10196.68294950522
1,16,1,25.85753424657534,9438.0,1506.73,216.7469028614906,XGBoost,0.95,1.645,9.150667240219846,39.82609129984067,220.82883102586806,148.19954273058596,44659.339403691156
1,16,2,25.85753424657534,9438.0,1506.73,216.7469028614906,XGBoost,0.95,1.645,6.1875385564273975,26.929782167845662,207.93252189387306,135.30323359859096,40773.08823200099
1,17,1,33.16164383561644,12104.0,834.61,329.8020092908939,XGBoost,0.95,1.645,8.019289632578445,34.90204076738581,267.03354761670084,199.80304541283277,33351.52394640088
1,17,2,33.16164383561644,12104.0,834.61,329.8020092908939,XGBoost,0.95,1.645,5.574492016990252,24.261643680264886,256.39315052957994,189.16264832571184,31575.407583824475
1,18,1,84.66027397260274,30901.0,51.52,2120.9428752619015,XGBoost,0.95,1.645,13.525647630065968,58.86714741815255,651.4890652263717,1119.3385850491034,11533.664780345964
1,18,2,84.66027397260274,30901.0,51.52,2120.9428752619015,XGBoost,0.95,1.645,9.909538245590033,43.12889590974241,635.7508137179616,1103.600333540693,11371.497836803304
1,19,1,41.391780821917806,15108.0,547.3,455.0104758824781,XGBoost,0.95,1.645,8.418264447138668,36.638483255554654,326.3809490089793,264.1437211967937,28913.171722201037
1,19,2,41.391780821917806,15108.0,547.3,455.0104758824781,XGBoost,0.95,1.645,6.280152438659432,27.33286194690198,317.0753277003266,254.83809988814102,27894.578413755913
1,20,1,47.846575342465755,17464.0,424.89,555.218895852489,XGBoost,0.95,1.645,10.649359740202888,46.348792078683225,381.2748194759435,323.95824000492775,27529.32331913875
1,20,2,47.846575342465755,17464.0,424.89,555.218895852489,XGBoost,0.95,1.645,7.142087230712762,31.08422704648136,366.01025444374164,308.6936749727259,26232.171111832304
1,21,1,40.12602739726027,14646.0,647.93,411.7428840341323,XGBoost,0.95,1.645,8.523820645382495,37.09789137063127,317.9800831514532,242.96933338769742,31485.424036378154
1,21,2,40.12602739726027,14646.0,647.93,411.7428840341323,XGBoost,0.95,1.645,5.9688410253515345,25.9779534529521,306.860145233774,231.84939547001827,30044.435761377783
1,22,1,81.66575342465754,29808.0,72.21,1759.5368956761133,XGBoost,0.95,1.645,14.27396853489975,62.12403523792792,633.7843092105308,941.8924830759846,13602.81124058337
1,22,2,81.66575342465754,29808.0,72.21,1759.5368956761133,XGBoost,0.95,1.645,8.752923147026916,38.09500523216574,609.7552792047685,917.8634530702224,13255.783989240152
1,23,1,29.605479452054794,10806.0,1075.06,274.56600309646666,XGBoost,0.95,1.645,8.748291758717935,38.07484822188481,245.31320438626835,175.35784977011815,37704.04199477264
1,23,2,29.605479452054794,10806.0,1075.06,274.56600309646666,XGBoost,0.95,1.645,5.423100460388129,23.602748126860817,230.8411042912444,160.88574967509413,34592.36680914134
1,24,1,66.87123287671233,24408.0,141.85,1136.0097503888328,XGBoost,0.95,1.645,11.049702030127808,48.09118617642272,516.189816313409,616.0960613708392,17478.645261090707
1,24,2,66.87123287671233,24408.0,141.85,1136.0097503888328,XGBoost,0.95,1.645,8.42446629512156,36.66547531607989,504.7641054530662,604.6703505104963,17154.49784398278
1,25,1,81.04931506849314,29583.0,56.06,1989.414100272177,XGBoost,0.95,1.645,14.266941798604167,62.093453048246964,629.438658527699,1056.8005031843354,11848.84724170277
1,25,2,81.04931506849314,29583.0,56.06,1989.414100272177,XGBoost,0.95,1.645,9.657158225271235,42.03047221367644,609.3756776931285,1036.737522349765,11623.901100585566
1,26,1,48.12328767123287,17565.0,390.5,580.8235135609178,XGBoost,0.95,1.645,9.709418836489617,42.25792402884251,379.1209377274726,332.66968080930144,25981.502071206447
1,26,2,48.12328767123287,17565.0,390.5,580.8235135609178,XGBoost,0.95,1.645,7.265366688231327,31.620771410038746,368.4837851086688,322.03252819049766,25150.74045167787
1,27,1,22.23013698630137,8114.0,1639.41,192.6656728261016,XGBoost,0.95,1.645,6.316693843935481,27.491899676560855,183.10285858067044,123.82473608961166,40599.90211853406
1,27,2,22.23013698630137,8114.0,1639.41,192.6656728261016,XGBoost,0.95,1.645,4.32678819996596,18.831311134288125,174.4422700383977,115.16414754733893,37760.25102611659
1,28,1,88.68493150684931,32370.0,43.52,2361.8784196307915,XGBoost,0.95,1.645,16.542359733479366,71.99666557261118,692.7911861205563,1252.935875388007,10905.553859377213
1,28,2,88.68493150684931,32370.0,43.52,2361.8784196307915,XGBoost,0.95,1.645,10.613621182372855,46.19324855057769,666.9877690985228,1227.1324583659734,10680.960917617433
1,29,1,70.3917808219178,25693.0,119.82,1268.158049004888,XGBoost,0.95,1.645,15.04744844583468,65.4904216164088,558.2328873698334,699.5694461188527,16764.482206792185
1,29,2,70.3917808219178,25693.0,119.82,1268.158049004888,XGBoost,0.95,1.645,9.430922575025493,41.04583563740976,533.7883013908344,675.1248601398537,16178.692148391454
1,30,1,40.986301369863014,14960.0,595.5,434.06577639428775,XGBoost,0.95,1.645,8.590709322858729,37.389008346712025,324.2931179357532,254.4218965438559,30301.64787837324
1,30,2,40.986301369863014,14960.0,595.5,434.06577639428775,XGBoost,0.95,1.645,6.076536110266468,26.446670560871237,313.35078014991234,243.47955875801512,28998.415448079602
1,31,1,58.80821917808219,21465.0,198.8,899.8868138082677,XGBoost,0.95,1.645,11.607219485946473,50.51764760418583,462.17518185076113,500.46105450831965,19898.331527250793
1,31,2,58.80821917808219,21465.0,198.8,899.8868138082677,XGBoost,0.95,1.645,7.501157910971519,32.64699633091417,444.3045305774895,482.59040323504803,19187.794432625513
1,32,1,44.4986301369863,16242.0,462.3,513.3202983981507,XGBoost,0.95,1.645,9.601197369188977,41.78691596744409,353.27732692634817,298.44706516651945,27594.41564529639
1,32,2,44.4986301369863,16242.0,462.3,513.3202983981507,XGBoost,0.95,1.645,6.944210251850927,30.223014807044844,341.7134257659489,286.8831640061202,26525.217344005876
1,33,1,70.15890410958905,25608.0,130.37,1213.7510804129695,XGBoost,0.95,1.645,12.777240837556711,55.60988579280483,546.7222145599281,662.4854259992895,17273.644997505475
1,33,2,70.15890410958905,25608.0,130.37,1213.7510804129695,XGBoost,0.95,1.645,8.888471506320569,38.684947057287,529.7972758244103,645.5604872637717,16832.344144915583
1,34,1,25.96712328767123,9478.0,1384.8,226.56637516855645,XGBoost,0.95,1.645,6.588540269001486,28.675046245002115,210.44490925870073,141.95823382928035,39316.75244135748
1,34,2,25.96712328767123,9478.0,1384.8,226.56637516855645,XGBoost,0.95,1.645,5.039490631449161,21.93317806494339,203.703041078642,135.21636564922161,37449.52463020841
1,35,1,66.46301369863014,24259.0,167.93,1040.8854431713369,XGBoost,0.95,1.645,12.768936828512008,55.57374457887068,520.8148404692816,576.0164661645391,19346.089032602213
1,35,2,66.46301369863014,24259.0,167.93,1040.8854431713369,XGBoost,0.95,1.645,7.019227360802624,30.549508837669062,495.79060472808004,550.9922304233374,18505.625050998213
1,36,1,77.55616438356165,28308.0,78.57,1643.8297975177757,XGBoost,0.95,1.645,13.787965004943413,60.00882107398015,602.9019717589117,881.923719832868,13858.549333453686
1,36,2,77.55616438356165,28308.0,78.57,1643.8297975177757,XGBoost,0.95,1.645,9.716920337450874,42.29057251821777,585.1837232031494,864.2054712771056,13580.124775648437
1,37,1,29.057534246575344,10606.0,1169.73,260.7736038362523,XGBoost,0.95,1.645,9.402573322934934,40.9224522958018,244.3251920218292,171.30925421392794,40077.11478633159
1,37,2,29.057534246575344,10606.0,1169.73,260.7736038362523,XGBoost,0.95,1.645,6.5574419470683765,28.539698234188634,231.942437960216,158.92650015231476,37180.219004633436
1,38,1,82.46575342465754,30100.0,66.37,1844.2847308508524,XGBoost,0.95,1.645,16.425816674252427,71.4894397719904,648.7497137445931,993.6318051974166,13189.46858219051
1,38,2,82.46575342465754,30100.0,66.37,1844.2847308508524,XGBoost,0.95,1.645,10.630866537250247,46.268304834432755,623.5285788070355,968.410670259859,12854.683237029369
1,39,1,44.49589041095891,16241.0,503.01,492.0947201243708,XGBoost,0.95,1.645,12.459907035181695,54.228766290353185,365.6999991670655,300.2761263525386,30208.37886331809
1,39,2,44.49589041095891,16241.0,503.01,492.0947201243708,XGBoost,0.95,1.645,7.589935191714128,33.03337821929347,344.5046110960058,279.08073828147883,28076.080432593335
1,40,1,29.638356164383563,10818.0,1272.73,252.48523118565637,XGBoost,0.95,1.645,7.350419510829891,31.990943484839075,239.459436635524,158.23355907766725,40277.71952898389
1,40,2,29.638356164383563,10818.0,1272.73,252.48523118565637,XGBoost,0.95,1.645,5.392261368672079,23.468528353586876,230.9370215042718,149.71114394641506,38108.37284698417
1,41,1,22.424657534246574,8185.0,2111.73,170.49858486761838,XGBoost,0.95,1.645,7.557076969755146,32.89037066439768,189.8629734041237,118.13966309820687,49895.81415087528
1,41,2,22.424657534246574,8185.0,2111.73,170.49858486761838,XGBoost,0.95,1.645,5.551660071849478,24.162273098004746,181.13487583773076,109.41156553181393,46209.537056099485
1,42,1,36.989041095890414,13501.0,704.99,378.9850879324053,XGBoost,0.95,1.645,8.884639170321616,38.66826773113741,297.5915554023703,228.16081169734005,32170.218127701555
1,42,2,36.989041095890414,13501.0,704.99,378.9850879324053,XGBoost,0.95,1.645,6.246858414754071,27.187957668231896,286.1112453394648,216.68050163443453,30551.517369452005
1,43,1,51.73424657534247,18883.0,358.9,628.1731929358414,XGBoost,0.95,1.645,10.280926216080308,44.74527325492635,406.88499928232363,358.83186972284705,25756.95160870596
1,43,2,51.73424657534247,18883.0,358.9,628.1731929358414,XGBoost,0.95,1.645,7.905447623173422,34.40657064031201,396.54629666770927,348.4931671082327,25014.839535028943
1,44,1,29.665753424657535,10828.0,908.1,299.045944697422,XGBoost,0.95,1.645,9.764859674979958,42.49921702283876,250.1594909954415,192.02218937154976,34875.070033660864
1,44,2,29.665753424657535,10828.0,908.1,299.045944697422,XGBoost,0.95,1.645,6.614494923894272,28.78800767483891,236.44828164744166,178.31098002354992,32384.840191877138
1,45,1,80.72602739726027,29465.0,61.0,1903.3512291848144,XGBoost,0.95,1.645,14.913362635340416,64.90684518525124,629.9890369660731,1016.5824597776584,12402.306009287433
1,45,2,80.72602739726027,29465.0,61.0,1903.3512291848144,XGBoost,0.95,1.645,9.900163295087706,43.08809367916887,608.1702854599907,994.7637082715761,12136.117240913229
1,46,1,59.15890410958904,21593.0,216.31,865.2643795331202,XGBoost,0.95,1.645,12.729217062842748,55.40087379552503,469.5132025626483,488.0330635620851,21113.286395822925
1,46,2,59.15890410958904,21593.0,216.31,865.2643795331202,XGBoost,0.95,1.645,7.834092302659059,34.096013668352214,448.20834243547546,466.7282034349123,20191.595537001176
1,47,1,22.515068493150686,8218.0,1940.83,178.2050273852289,XGBoost,0.95,1.645,6.116952234119204,26.622572076715894,184.2280515287707,115.72508576933035,44920.54364273788
1,47,2,22.515068493150686,8218.0,1940.83,178.2050273852289,XGBoost,0.95,1.645,4.471988893246502,19.46326243527895,177.06874188733374,108.5657761278934,42141.54305645987
1,48,1,52.106849315068494,19019.0,329.86,657.5967279556363,XGBoost,0.95,1.645,9.95249106286593,43.315837777204976,408.0637829826845,372.11420175502315,24549.11811818239
1,48,2,52.106849315068494,19019.0,329.86,657.5967279556363,XGBoost,0.95,1.645,6.839317786303093,29.7664954298335,394.514440635313,358.5648594076517,23655.2409048416
1,49,1,29.654794520547945,10824.0,988.06,286.63740573811583,XGBoost,0.95,1.645,6.970648654610964,30.338081633812973,237.9216432776486,173.6567845028709,34316.66449918132
1,49,2,29.654794520547945,10824.0,988.06,286.63740573811583,XGBoost,0.95,1.645,5.108200264638076,22.232220315385288,229.8157819592209,165.5509231844432,32714.84903232419
1,50,1,66.27123287671233,24189.0,154.34,1084.1773774248563,XGBoost,0.95,1.645,13.001451644483081,56.58570972265042,520.4843398596367,598.6743984350786,18479.881330894008
1,50,2,66.27123287671233,24189.0,154.34,1084.1773774248563,XGBoost,0.95,1.645,7.969891766246737,34.687048364875864,498.58567850186216,576.775737077304,17803.91345210222
2,1,1,31.353424657534248,11444.0,2297.68,193.27460050988643,XGBoost,0.95,1.645,9.113573093172942,39.664647893780995,259.13862049652073,136.3019481487242,62635.652044472125
2,1,2,31.353424657534248,11444.0,2297.68,193.27460050988643,XGBoost,0.95,1.645,6.10250802366015,26.559707104206787,246.03367970694651,123.19700735915,56613.45997379436
2,2,1,83.6986301369863,30550.0,235.35,986.6863898257802,XGBoost,0.95,1.645,14.160620483569716,61.63071494527345,647.5211259041776,554.9739098581636,26122.62193702376
2,2,2,83.6986301369863,30550.0,235.35,986.6863898257802,XGBoost,0.95,1.645,8.894824802989474,38.71259826200775,624.6030092209119,532.0557931748979,25043.866184742445
2,3,1,52.73972602739726,19250.0,767.06,433.8417373177409,XGBoost,0.95,1.645,11.290817548669516,49.1405838217708,418.31866601355165,266.06145248064126,40817.01954796014
2,3,2,52.73972602739726,19250.0,767.06,433.8417373177409,XGBoost,0.95,1.645,7.390434677230101,32.165099929237854,401.3431821210187,249.0859685881083,38212.77661303887
2,4,1,31.578082191780823,11526.0,1783.76,220.1414024490892,XGBoost,0.95,1.645,7.627080716004466,33.19504523252123,254.241620574987,143.26574645706583,51110.34158005115
2,4,2,31.578082191780823,11526.0,1783.76,220.1414024490892,XGBoost,0.95,1.645,5.402050867726346,23.51113480761695,244.5577101500827,133.58183603216156,47655.5871681457
2,5,1,26.224657534246575,9572.0,2500.0,169.45795938816212,XGBoost,0.95,1.645,7.958106685402291,34.63575661823427,218.2083593579603,119.36473631231533,59682.36815615767
2,5,2,26.224657534246575,9572.0,2500.0,169.45795938816212,XGBoost,0.95,1.645,4.955102487836193,21.56589884650758,205.1385015862336,106.29487854058864,53147.43927029432
2,6,1,84.16712328767123,30721.0,278.63,909.3569039848793,XGBoost,0.95,1.645,15.25549253731716,66.39588378263817,655.5657467963368,521.0743357750778,29037.388435401983
2,6,2,84.16712328767123,30721.0,278.63,909.3569039848793,XGBoost,0.95,1.645,10.634408044957658,46.2837183999785,635.4535814136772,500.96217039241816,27916.617907287895
2,7,1,83.8,30587.0,256.08,946.4795670056156,XGBoost,0.95,1.645,14.724914288790657,64.08666881363024,650.6866688136303,537.326452316438,27519.71158183869
2,7,2,83.8,30587.0,256.08,946.4795670056156,XGBoost,0.95,1.645,9.496287246867164,41.33031974334562,627.9303197433456,514.5701032461534,26354.22240785499
2,8,1,109.6109589041096,40008.0,85.49,1873.4684937255026,XGBoost,0.95,1.645,17.589536154512786,76.55425057229426,843.8309629010614,1013.2884974350455,17325.206729144407
2,8,2,109.6109589041096,40008.0,85.49,1873.4684937255026,XGBoost,0.95,1.645,11.211597528524699,48.79579762506642,816.0725099538336,985.5300444878177,16850.592700652705
2,9,1,73.06027397260274,26667.0,303.16,812.2351182510067,XGBoost,0.95,1.645,14.783818034622886,64.34303328387412,575.7649510920933,470.46059240937745,28524.966638965376
2,9,2,73.06027397260274,26667.0,303.16,812.2351182510067,XGBoost,0.95,1.645,8.872228224095162,38.614252055060845,550.0361698632801,444.7318111805642,26964.97917549997
2,10,1,105.2958904109589,38433.0,93.02,1760.3320942134376,XGBoost,0.95,1.645,18.275572113414754,79.5400580568146,816.6112909335269,959.7061051635334,17854.372380462373
2,10,2,105.2958904109589,38433.0,93.02,1760.3320942134376,XGBoost,0.95,1.645,12.236721658774503,53.25740530166876,790.3286381783811,933.4234524083876,17365.40990860564
2,11,1,100.3890410958904,36642.0,101.21,1647.8151993870235,XGBoost,0.95,1.645,17.27483290475607,75.18457992116628,777.907867592399,899.092179614678,18199.423899760313
2,11,2,100.3890410958904,36642.0,101.21,1647.8151993870235,XGBoost,0.95,1.645,11.20647891409308,48.77352007957921,751.496807750812,872.6811197730909,17664.81122644691
2,12,1,99.53698630136986,36331.0,110.12,1573.027105721957,XGBoost,0.95,1.645,17.265111926171237,75.14227168609662,771.9011757956856,861.6558245470751,18977.107879824784
2,12,2,99.53698630136986,36331.0,110.12,1573.027105721957,XGBoost,0.95,1.645,10.543519959957239,45.888149740746236,742.6470538503353,832.4017026017248,18332.815098100386
2,13,1,120.27945205479452,43902.0,47.35,2637.0161692077554,XGBoost,0.95,1.645,16.98859964555248,73.9388180969368,915.8949824804984,1392.4469027008145,13186.472168576714
2,13,2,120.27945205479452,43902.0,47.35,2637.0161692077554,XGBoost,0.95,1.645,11.385992634671023,49.554810627867084,891.5109750114286,1368.0628952317447,12955.555617844624
2,14,1,84.06575342465753,30684.0,182.71,1122.2909476407967,XGBoost,0.95,1.645,12.672785736678387,55.15526994074657,643.6155439133494,616.300743761145,22520.86177851976
2,14,2,84.06575342465753,30684.0,182.71,1122.2909476407967,XGBoost,0.95,1.645,8.694433895479953,37.840444749195676,626.3007187217984,598.985918569594,21888.143436370105
2,15,1,125.51780821917808,45814.0,40.0,2930.8915025978017,XGBoost,0.95,1.645,17.973011566464734,78.22323561641389,956.8478931506604,1543.6689869153147,12349.351895322518
2,15,2,125.51780821917808,45814.0,40.0,2930.8915025978017,XGBoost,0.95,1.645,11.191198357725064,48.70701511146604,927.3316726457126,1514.152766410367,12113.222131282935
2,16,1,37.07671232876712,13533.0,1506.73,259.54337927300253,XGBoost,0.95,1.645,10.117229725318046,44.03282341761757,303.5698097189874,173.80451305411884,52375.294790806496
2,16,2,37.07671232876712,13533.0,1506.73,259.54337927300253,XGBoost,0.95,1.645,6.63692602851856,28.885633694589323,288.42261999595917,158.6573233310906,47810.74975653083
2,17,1,47.14794520547945,17209.0,834.61,393.2481217518776,XGBoost,0.95,1.645,11.27027026639945,49.05115668840783,379.086773126764,245.6752175643466,41008.59866627587
2,17,2,47.14794520547945,17209.0,834.61,393.2481217518776,XGBoost,0.95,1.645,7.144004589476042,31.0925718920709,361.12818833042707,227.7166327680097,38010.915774901725
2,18,1,121.36164383561643,44297.0,51.52,2539.3926714377103,XGBoost,0.95,1.645,18.19239430922552,79.17804655133655,928.7095534006517,1348.8743822701917,13898.801634912059
2,18,2,121.36164383561643,44297.0,51.52,2539.3926714377103,XGBoost,0.95,1.645,10.910325824629844,47.484584565909564,897.0160914152247,1317.1809202847646,13572.232202614217
2,19,1,58.0,21170.0,547.3,538.6148668439349,XGBoost,0.95,1.645,12.353701925581865,53.76653394374993,459.76653394374995,323.0739673657174,35363.67646785142
2,19,2,58.0,21170.0,547.3,538.6148668439349,XGBoost,0.95,1.645,7.560989223027498,32.90739781137205,438.90739781137205,302.2148312333395,33080.43542680134
2,20,1,68.32328767123288,24938.0,424.89,663.4728977867734,XGBoost,0.95,1.645,10.821467401089944,47.097849522905754,525.3608632215359,378.8342984162924,32192.5810108197
2,20,2,68.32328767123288,24938.0,424.89,663.4728977867734,XGBoost,0.95,1.645,7.478930441026937,32.550256582419486,510.8132702810496,364.2867054758062,30956.35565792306
2,21,1,57.227397260273975,20888.0,647.93,491.7167660860244,XGBoost,0.95,1.645,13.911792974141584,60.547752703477556,461.1395335253954,306.4061357464898,39705.94550684462
2,21,2,57.227397260273975,20888.0,647.93,491.7167660860244,XGBoost,0.95,1.645,8.464375416649677,36.83917022552751,437.4309510474453,282.6975532685397,36633.64513785698
2,22,1,114.44109589041096,41771.0,72.21,2082.904678238781,XGBoost,0.95,1.645,14.785369216125202,64.34978443048585,865.4374556633627,1105.8021235498763,15969.994268307315
2,22,2,114.44109589041096,41771.0,72.21,2082.904678238781,XGBoost,0.95,1.645,11.000896760935733,47.87877291127702,848.9664441441538,1089.3311120306676,15732.119919946901
2,23,1,41.98082191780822,15323.0,1075.06,326.95364308197196,XGBoost,0.95,1.645,9.765691429539949,42.50283703569418,336.36859046035175,205.97965857668015,44288.09834988915
2,23,2,41.98082191780822,15323.0,1075.06,326.95364308197196,XGBoost,0.95,1.645,6.3343369671764345,27.568687152114567,321.43444057677215,191.04550869310054,41077.07691512093
2,24,1,94.42465753424658,34465.0,141.85,1349.9108966795802,XGBoost,0.95,1.645,14.962894063574863,65.12241888400911,726.0950216237352,740.0778672237992,20996.009093139186
2,24,2,94.42465753424658,34465.0,141.85,1349.9108966795802,XGBoost,0.95,1.645,9.154090132840519,39.84098862158146,700.8135913613075,714.7964369613716,20278.774916594113
2,25,1,114.27671232876712,41711.0,56.06,2362.269191506984,XGBoost,0.95,1.645,18.639205222675532,81.12268422263251,881.0596705240024,1262.2572799761244,14152.42862309231
2,25,2,114.27671232876712,41711.0,56.06,2362.269191506984,XGBoost,0.95,1.645,12.79697468421353,55.69577264214814,855.632758943518,1236.83036839564,13867.342090451919
2,26,1,68.94794520547946,25166.0,390.5,695.2279262214712,XGBoost,0.95,1.645,13.588884717456013,59.14237172145389,541.7779881598101,406.7563348321895,31767.669750394005
2,26,2,68.94794520547946,25166.0,390.5,695.2279262214712,XGBoost,0.95,1.645,8.841906860636668,38.48228557024256,521.1179020085988,386.09624868097814,30154.117021984395
2,27,1,31.75068493150685,11589.0,1639.41,230.25539949431206,XGBoost,0.95,1.645,6.915848006935996,30.0995749172753,252.35436943782327,145.22727466443132,47617.40927152308
2,27,2,31.75068493150685,11589.0,1639.41,230.25539949431206,XGBoost,0.95,1.645,5.359085467130938,23.324138174264796,245.57893269481275,138.45183792142083,45395.86552135131
2,28,1,124.81917808219178,45559.0,43.52,2802.0332199032146,XGBoost,0.95,1.645,19.522032954180727,84.96498084581434,958.6992274211568,1485.9815907974216,12933.983766300758
2,28,2,124.81917808219178,45559.0,43.52,2802.0332199032146,XGBoost,0.95,1.645,12.315735410830397,53.60129376583342,927.3355403411758,1454.6179037174406,12660.994233956604
2,29,1,99.25479452054795,36228.0,119.82,1505.8723309815557,XGBoost,0.95,1.645,17.10104242945187,74.42819842954277,769.2117600733784,827.3643639203207,19826.95961698656
2,29,2,99.25479452054795,36228.0,119.82,1505.8723309815557,XGBoost,0.95,1.645,10.769060527836546,46.869761137202545,741.6533227810381,799.8059266279804,19166.549225712923
2,30,1,58.0027397260274,21171.0,595.5,516.369324802488,XGBoost,0.95,1.645,10.674303485346321,46.45735376553771,452.4765318477295,304.64201616678173,36282.864125463704
2,30,2,58.0027397260274,21171.0,595.5,516.369324802488,XGBoost,0.95,1.645,8.510695815896966,37.04076868835428,443.05994677054605,295.22543108959826,35161.348842771156
2,31,1,83.53150684931506,30489.0,198.8,1072.491927056614,XGBoost,0.95,1.645,14.764285072849772,64.2580207379569,648.9785686831624,600.503984266264,23876.038414426657
2,31,2,83.53150684931506,30489.0,198.8,1072.491927056614,XGBoost,0.95,1.645,8.730214425563068,37.99617095149747,622.7167188967029,574.2421344798045,22831.86726691703
2,32,1,63.33424657534247,23117.0,462.3,612.3989275491389,XGBoost,0.95,1.645,14.909601789236925,64.8904770017789,508.23020302917615,371.0899407763483,34310.97592418117
2,32,2,63.33424657534247,23117.0,462.3,612.3989275491389,XGBoost,0.95,1.645,9.802308196806306,42.66220276039733,486.0019287877946,348.8616665349668,32255.74968782303
2,33,1,98.96164383561644,36121.0,130.37,1441.523349846329,XGBoost,0.95,1.645,16.956409643497317,73.79871880940549,766.5302256587206,794.56039373257,20717.36770618303
2,33,2,98.96164383561644,36121.0,130.37,1441.523349846329,XGBoost,0.95,1.645,10.536403741431233,45.85717810105196,738.5886849503671,766.6188530242165,19988.819973753423
2,34,1,36.69315068493151,13393.0,1384.8,269.3246094102223,XGBoost,0.95,1.645,9.192082791660107,40.00634258530359,296.8583973798241,174.66864729041475,48376.228553553265
2,34,2,36.69315068493151,13393.0,1384.8,269.3246094102223,XGBoost,0.95,1.645,5.903959300870714,25.69557125993486,282.5476260544554,160.35787596504602,44412.71732727914
2,35,1,95.44931506849315,34839.0,167.93,1247.3815843626544,XGBoost,0.95,1.645,15.787812284240273,68.71267820703673,736.8578836864888,692.403470388364,23255.062956463596
2,35,2,95.44931506849315,34839.0,167.93,1247.3815843626544,XGBoost,0.95,1.645,9.645226463766106,41.97854207452958,710.1237475539816,665.6693342558568,22357.170260317213
2,36,1,110.05479452054794,40170.0,78.57,1958.1825269125484,XGBoost,0.95,1.645,19.3642382223067,84.27821700299559,854.6617786468312,1063.3694804592699,16709.788015936967
2,36,2,110.05479452054794,40170.0,78.57,1958.1825269125484,XGBoost,0.95,1.645,12.277180352437727,53.433492092435415,823.817053736271,1032.5247555487097,16225.094008692422
2,37,1,41.85205479452055,15276.0,1169.73,312.96274502287827,XGBoost,0.95,1.645,9.761434056527897,42.48430783756858,335.4486913992124,198.9656803490077,46547.22505492896
2,37,2,41.85205479452055,15276.0,1169.73,312.96274502287827,XGBoost,0.95,1.645,6.840137809643831,29.770064385361973,322.73444794700583,186.2514368968011,43572.77865625903
2,38,1,114.52054794520548,41800.0,66.37,2173.3659752784656,XGBoost,0.95,1.645,17.786169516985844,77.41005026873897,879.0538858851772,1164.0930379079718,15452.17098519042
2,38,2,114.52054794520548,41800.0,66.37,2173.3659752784656,XGBoost,0.95,1.645,11.452812908868047,49.845629895029845,851.4894655114681,1136.5286175342626,15086.280869149803
2,39,1,62.18356164383562,22697.0,503.01,581.7368178942534,XGBoost,0.95,1.645,10.570492333382148,46.00554054716442,481.2904720540137,336.8739494942911,33890.19306702467
2,39,2,62.18356164383562,22697.0,503.01,581.7368178942534,XGBoost,0.95,1.645,7.047008004407686,30.670417446794374,465.9553489536437,321.53882639392106,32347.449012881247
2,40,1,41.895890410958906,15292.0,1272.73,300.1889044060007,XGBoost,0.95,1.645,10.662900349364957,46.407724342592225,339.6789572193046,196.50217654559256,50018.84303097441
2,40,2,41.895890410958906,15292.0,1272.73,300.1889044060007,XGBoost,0.95,1.645,7.139122558029592,31.07132401746123,324.3425568941736,181.16577622046157,46115.023673813615
2,41,1,31.427397260273974,11471.0,2111.73,201.8422490546289,XGBoost,0.95,1.645,8.915647598322161,38.803224500102445,258.79500532202024,139.7243490274169,59012.01991433342
2,41,2,31.427397260273974,11471.0,2111.73,201.8422490546289,XGBoost,0.95,1.645,5.513444407485051,23.995948555967836,243.98772937788564,124.91707308328228,52758.22614843194
2,42,1,52.68219178082192,19229.0,704.99,452.2905387502586,XGBoost,0.95,1.645,10.676602788781285,46.46736093399034,415.24270339974373,272.61263030911965,38437.83564832526
2,42,2,52.68219178082192,19229.0,704.99,452.2905387502586,XGBoost,0.95,1.645,6.9208921734190465,30.121528445866378,398.89687091161977,256.2667978209957,36133.10595916476
2,43,1,73.10684931506849,26684.0,358.9,746.7399193193324,XGBoost,0.95,1.645,13.228323144145083,57.573113681474034,569.3210588869534,430.94307334114023,30933.093804427048
2,43,2,73.10684931506849,26684.0,358.9,746.7399193193324,XGBoost,0.95,1.645,8.83314022814874,38.444130898381935,550.1920761038614,411.8140905580482,29560.0154202567
2,44,1,41.90684931506849,15296.0,908.1,355.4288949597596,XGBoost,0.95,1.645,9.080748078573007,39.5217848659758,332.86973007145525,217.2362323458556,39454.444518654294
2,44,2,41.90684931506849,15296.0,908.1,355.4288949597596,XGBoost,0.95,1.645,6.679702766878133,29.071809220667884,322.41975442614734,206.78625670054768,37556.51994195347
2,45,1,115.93424657534247,42316.0,61.0,2280.9618333601948,XGBoost,0.95,1.645,18.145283516756848,78.97300809099144,890.5127341183887,1219.4539247710889,14877.337882207285
2,45,2,115.93424657534247,42316.0,61.0,2280.9618333601948,XGBoost,0.95,1.645,12.136789046977837,52.822472502041585,864.3621985294388,1193.303389182139,14558.301348022096
2,46,1,83.36164383561643,30427.0,216.31,1027.1216896618282,XGBoost,0.95,1.645,13.669932584185894,59.49511318339389,643.0266200327089,573.055958014308,24791.546855614994
2,46,2,83.36164383561643,30427.0,216.31,1027.1216896618282,XGBoost,0.95,1.645,8.643738252436904,37.619804083839334,621.1513109331544,551.1806489147534,23845.177233350063
2,47,1,31.495890410958904,11496.0,1940.83,210.77071119943386,XGBoost,0.95,1.645,9.282424350113267,40.399532618409744,260.87076549512204,145.78488821812667,56588.736920077354
2,47,2,31.495890410958904,11496.0,1940.83,210.77071119943386,XGBoost,0.95,1.645,6.330903916140279,27.5537456182992,248.0249784950115,132.93910121801613,51602.43916339245
2,48,1,73.76438356164384,26924.0,329.86,782.4121668816092,XGBoost,0.95,1.645,11.800474331895145,51.358743115238816,567.7094280467456,442.56482655604344,29196.8867375553
2,48,2,73.76438356164384,26924.0,329.86,782.4121668816092,XGBoost,0.95,1.645,8.078839486330121,35.16121726786901,551.5119021993759,426.3673007086736,28128.30356235262
2,49,1,41.68767123287671,15216.0,988.06,339.8515245833299,XGBoost,0.95,1.645,8.942989791554558,38.922224858811276,330.73592348894823,208.84798715047623,41270.86843677991
2,49,2,41.68767123287671,15216.0,988.06,339.8515245833299,XGBoost,0.95,1.645,6.134734333488844,26.699964412641453,318.51366304277843,196.6257267043064,38855.6031054914
2,50,1,94.21917808219177,34390.0,154.34,1292.728940865906,XGBoost,0.95,1.645,16.439885279346964,71.55067001195518,731.0849165872976,717.9151404449082,22160.604555253427
2,50,2,94.21917808219177,34390.0,154.34,1292.728940865906,XGBoost,0.95,1.645,9.571290853791119,41.65675500962233,701.1910015849647,688.0212254425753,21237.839186961417
3,1,1,28.183561643835617,10287.0,2297.68,183.24419674147282,XGBoost,0.95,1.645,6.4096499155674485,27.896468753165184,225.1814002600145,119.51856712390159,54923.08426184924
3,1,2,28.183561643835617,10287.0,2297.68,183.24419674147282,XGBoost,0.95,1.645,4.932203804474727,21.46623780209854,218.75116930894785,113.08833617283494,51968.16165151988
3,2,1,74.27945205479452,27112.0,235.35,929.5105176499751,XGBoost,0.95,1.645,12.647637444173302,55.0458180104064,575.001982393968,519.8010768353939,24467.036686641994
3,2,2,74.27945205479452,27112.0,235.35,929.5105176499751,XGBoost,0.95,1.645,7.677984745595994,33.416592850506,553.3727572340676,498.17185167549354,23448.94905836548
3,3,1,46.75616438356165,17066.0,767.06,408.4903809299348,XGBoost,0.95,1.645,11.45678329291983,49.862910042323016,377.1560607272545,254.10810050729043,38983.231915024444
3,3,2,46.75616438356165,17066.0,767.06,408.4903809299348,XGBoost,0.95,1.645,8.18731346887269,35.633324341483224,362.9264750264147,239.87851480645062,36800.242713487205
3,4,1,28.14246575342466,10272.0,1783.76,207.82123753676987,XGBoost,0.95,1.645,8.100325003949719,35.25472784626502,232.25198812023763,139.16534661464996,49647.515735469606
3,4,2,28.14246575342466,10272.0,1783.76,207.82123753676987,XGBoost,0.95,1.645,5.58416381201281,24.303737855639188,221.3009981296118,128.21435662402413,45740.72815433386
3,5,1,23.356164383561644,8525.0,2500.0,159.92185591719476,XGBoost,0.95,1.645,5.9492598920587145,25.892731252012855,189.38588193694437,105.85365921061023,52926.829605305116
3,5,2,23.356164383561644,8525.0,2500.0,159.92185591719476,XGBoost,0.95,1.645,4.431876243773653,19.288681719114056,182.7818324040456,99.24960967771143,49624.804838855714
3,6,1,74.27397260273973,27110.0,278.63,854.2430478062217,XGBoost,0.95,1.645,12.834627522476337,55.8596476181457,575.7774558373238,482.98117152125656,26914.60876419354
3,6,2,74.27397260273973,27110.0,278.63,854.2430478062217,XGBoost,0.95,1.645,7.60820603574512,33.11289769950199,553.0307059186802,460.2344216026129,25647.023378227204
3,7,1,74.53424657534246,27205.0,256.08,892.6211363008085,XGBoost,0.95,1.645,13.234637805411241,57.600596734841794,579.3403227622391,503.9111648852461,25808.314220762764
3,7,2,74.53424657534246,27205.0,256.08,892.6211363008085,XGBoost,0.95,1.645,8.072330670571331,35.13288920349311,556.8726152308905,481.4434573538974,24657.60811183721
3,8,1,97.53150684931506,35599.0,85.49,1767.2251048734252,XGBoost,0.95,1.645,16.943823880749687,73.74394228621794,756.4644902314234,957.3564947229305,16368.881346772665
3,8,2,97.53150684931506,35599.0,85.49,1767.2251048734252,XGBoost,0.95,1.645,9.736563543155945,42.37606487449025,725.0966128196957,925.9886173112028,15832.553378786944
3,9,1,65.04657534246576,23742.0,303.16,766.3961825254113,XGBoost,0.95,1.645,11.499787072957636,50.05007371302193,505.3761011102822,433.2481649757276,26268.70273880832
3,9,2,65.04657534246576,23742.0,303.16,766.3961825254113,XGBoost,0.95,1.645,7.652516196162128,33.3057470784546,488.6317744757149,416.50383834116025,25253.46072630123
3,10,1,93.53424657534246,34140.0,93.02,1659.1063384197157,XGBoost,0.95,1.645,17.78228408639319,77.39313986106487,732.1328658884622,906.9463090709228,16872.829133955445
3,10,2,93.53424657534246,34140.0,93.02,1659.1063384197157,XGBoost,0.95,1.645,10.209877135446083,44.43604911882495,699.1757751462222,873.9892183286828,16259.695417786814
3,11,1,87.98082191780821,32113.0,101.21,1542.621425228803,XGBoost,0.95,1.645,15.855305330360814,69.00642555314134,684.8721789777987,840.3171381675428,17009.699510787403
3,11,2,87.98082191780821,32113.0,101.21,1542.621425228803,XGBoost,0.95,1.645,9.821182890703126,42.74435035277041,658.6101037774279,814.0550629671719,16478.102584581495
3,12,1,88.04383561643836,32136.0,110.12,1479.4266567954307,XGBoost,0.95,1.645,15.524909472920585,67.5684565790682,683.8753058941367,807.2817849767836,17779.57403232868
3,12,2,88.04383561643836,32136.0,110.12,1479.4266567954307,XGBoost,0.95,1.645,10.135244324773144,44.11122765457588,660.4180769696443,783.8245560522912,17262.95202249566
3,13,1,107.40547945205479,39203.0,47.35,2491.8981709115214,XGBoost,0.95,1.645,16.64644218045047,72.44965953763733,824.2880157020209,1318.398744993398,12485.236115087479
3,13,2,107.40547945205479,39203.0,47.35,2491.8981709115214,XGBoost,0.95,1.645,11.325000754878305,49.289358053819015,801.1277142182025,1295.2384435095798,12265.908060035721
3,14,1,74.58082191780822,27222.0,182.71,1057.0839715486893,XGBoost,0.95,1.645,14.119799187558934,61.453050014484845,583.5188034391424,589.9950357888295,21559.598597795408
3,14,2,74.58082191780822,27222.0,182.71,1057.0839715486893,XGBoost,0.95,1.645,8.871921261696109,38.61291607461162,560.6786694992692,567.1549018489562,20724.974423364558
3,15,1,112.0986301369863,40916.0,40.0,2769.792410994008,XGBoost,0.95,1.645,16.546489401518755,72.01463896537666,856.7050499242807,1456.9108444623807,11655.286755699046
3,15,2,112.0986301369863,40916.0,40.0,2769.792410994008,XGBoost,0.95,1.645,11.417171473985263,49.690509071330766,834.3809200302348,1434.5867145683349,11476.693716546679
3,16,1,32.657534246575345,11920.0,1506.73,243.585280890264,XGBoost,0.95,1.645,7.946390791580659,34.584765991567316,263.1875057175947,156.37740643669932,47123.7059200736
3,16,2,32.657534246575345,11920.0,1506.73,243.585280890264,XGBoost,0.95,1.645,5.451636259556881,23.72694337002445,252.32968309605187,145.51958381515644,43851.744504362134
3,17,1,41.92328767123288,15302.0,834.61,370.81981980070077,XGBoost,0.95,1.645,9.238957588108036,40.21035392939349,333.67336762802364,225.62026382974386,37660.98567898851
3,17,2,41.92328767123288,15302.0,834.61,370.81981980070077,XGBoost,0.95,1.645,6.750047958179426,29.37796984674292,322.8409835453731,214.7878797470933,35852.822463144315
3,18,1,106.44931506849315,38854.0,51.52,2378.2667954438075,XGBoost,0.95,1.645,17.50918126502289,76.20452512810509,821.349730607557,1265.337922850009,13038.041957046495
3,18,2,106.44931506849315,38854.0,51.52,2378.2667954438075,XGBoost,0.95,1.645,11.201758164733464,48.75297414669102,793.898179626143,1237.8863718685948,12755.181175734004
3,19,1,51.35616438356164,18745.0,547.3,506.8280353424613,XGBoost,0.95,1.645,10.947906880954749,47.64814712818499,407.14129781311647,301.06216479941565,32954.264558944036
3,19,2,51.35616438356164,18745.0,547.3,506.8280353424613,XGBoost,0.95,1.645,7.055196707962134,30.706056821150966,390.1992075060825,284.1200744923816,31099.783353936087
3,20,1,60.36164383561644,22032.0,424.89,623.6189995827117,XGBoost,0.95,1.645,13.139117438823265,57.18486717754717,479.71637402686224,368.994366968903,31356.403316283446
3,20,2,60.36164383561644,22032.0,424.89,623.6189995827117,XGBoost,0.95,1.645,8.863336239723953,38.57555181909903,461.1070586684141,350.38505161045487,29775.020915753237
3,21,1,51.35616438356164,18745.0,647.93,465.81053837098085,XGBoost,0.95,1.645,10.546758445720402,45.90224447573016,405.3953951606617,278.8075136612206,36129.55046530293
3,21,2,51.35616438356164,18745.0,647.93,465.81053837098085,XGBoost,0.95,1.645,6.641849114045473,28.907060247268458,388.40021093219997,261.8123294327589,33927.21252187349
3,22,1,101.83561643835617,37170.0,72.21,1964.844745338992,XGBoost,0.95,1.645,16.662396331410935,72.51909616516217,785.3684112336554,1054.941468834658,15235.46469291013
3,22,2,101.83561643835617,37170.0,72.21,1964.844745338992,XGBoost,0.95,1.645,10.107554505358143,43.99071433602236,756.8400294045156,1026.4130870055183,14823.457802533694
3,23,1,37.26301369863014,13601.0,1075.06,308.03474113323466,XGBoost,0.95,1.645,9.858258486760333,42.90571302008284,303.7468089104938,196.92308358670016,42340.82604814357
3,23,2,37.26301369863014,13601.0,1075.06,308.03474113323466,XGBoost,0.95,1.645,6.527344696822042,28.40870714854231,289.2498030389533,182.42607771515964,39223.79582169191
3,24,1,84.00821917808219,30663.0,141.85,1273.278140241969,XGBoost,0.95,1.645,17.949399999554405,78.1204719168041,666.1780061633795,714.7595420377886,20277.728207612065
3,24,2,84.00821917808219,30663.0,141.85,1273.278140241969,XGBoost,0.95,1.645,12.885724611699667,56.082035482018625,644.1395697285939,692.721105603003,19652.497765957196
3,25,1,102.44109589041096,37391.0,56.06,2236.5964184593713,XGBoost,0.95,1.645,13.792447402516009,60.02832963770365,777.1160008705805,1178.3265388673892,13211.39715378117
3,25,2,102.44109589041096,37391.0,56.06,2236.5964184593713,XGBoost,0.95,1.645,8.519417304576338,37.07872688258175,754.1663981154586,1155.3769361122675,12954.086207690745
3,26,1,60.61917808219178,22126.0,390.5,651.8858685839193,XGBoost,0.95,1.645,11.883587874628128,51.72047493809302,476.05472151343554,377.6634092300527,29495.51226086712
3,26,2,60.61917808219178,22126.0,390.5,651.8858685839193,XGBoost,0.95,1.645,8.330702003737168,36.25738865624306,460.59163523158554,362.2003229482027,28287.845222254637
3,27,1,28.101369863013698,10257.0,1639.41,216.61923587686434,XGBoost,0.95,1.645,8.30659510370606,36.15246913765591,232.8620581787518,144.4620870760881,47366.518034681925
3,27,2,28.101369863013698,10257.0,1639.41,216.61923587686434,XGBoost,0.95,1.645,5.5018671500113525,23.94556131085824,220.65515035195412,132.2551792492904,43364.09268261584
3,28,1,111.87397260273973,40834.0,43.52,2652.755053713026,XGBoost,0.95,1.645,17.411780230027787,75.78061041122366,858.8984186304017,1402.1581372677367,12204.38442677838
3,28,2,111.87397260273973,40834.0,43.52,2652.755053713026,XGBoost,0.95,1.645,10.628852344588132,46.25953854245087,829.3773467616289,1372.6370653989638,11947.433017232583
3,29,1,88.72876712328767,32386.0,119.82,1423.7857102186883,XGBoost,0.95,1.645,15.218440513962614,66.234623709878,687.3359935728917,778.1274788192221,18647.046902423837
3,29,2,88.72876712328767,32386.0,119.82,1423.7857102186883,XGBoost,0.95,1.645,10.824114576387789,47.10937072046775,668.2107405834814,759.0022258298119,18188.729339785612
3,30,1,51.4027397260274,18762.0,595.5,486.1041341308913,XGBoost,0.95,1.645,11.249903115790286,48.962513535030666,408.78169161722246,292.0145806004763,34778.93654951673
3,30,2,51.4027397260274,18762.0,595.5,486.1041341308913,XGBoost,0.95,1.645,7.508057019590583,32.677023051648014,392.4962011338398,275.7290901170937,32839.33463294586
3,31,1,74.83287671232877,27314.0,198.8,1015.114646963028,XGBoost,0.95,1.645,13.803653518322385,60.077101577443706,583.9072385637451,567.6344250589577,22569.144740344163
3,31,2,74.83287671232877,27314.0,198.8,1015.114646963028,XGBoost,0.95,1.645,8.59522429784199,37.40865869582641,561.2387956821277,544.9659821773404,21667.847451371057
3,32,1,55.81643835616438,20373.0,462.3,574.9051215348793,XGBoost,0.95,1.645,14.442940931873473,62.85944719558827,453.5745156887389,350.3120079630279,32389.84825626156
3,32,2,55.81643835616438,20373.0,462.3,574.9051215348793,XGBoost,0.95,1.645,8.069779468056222,35.121785704521514,425.8368541976722,322.5743464719612,29825.224074797534
3,33,1,88.18356164383562,32187.0,130.37,1360.761611687137,XGBoost,0.95,1.645,13.214731207221769,57.513958025756345,674.7988895326056,737.8947638693248,19239.86807312878
3,33,2,88.18356164383562,32187.0,130.37,1360.761611687137,XGBoost,0.95,1.645,9.256966199947367,40.28873210668577,657.573663613535,720.6695379502543,18790.73753251493
3,34,1,32.536986301369865,11876.0,1384.8,253.61340139212788,XGBoost,0.95,1.645,9.11268837091652,39.66079735169108,267.4197014612801,166.46749804775502,46104.83825930623
3,34,2,32.536986301369865,11876.0,1384.8,253.61340139212788,XGBoost,0.95,1.645,5.975094443761019,26.005169961428948,253.764074071018,152.81187065749288,42322.77569729922
3,35,1,82.74794520547945,30203.0,167.93,1161.4259598560193,XGBoost,0.95,1.645,13.741291817446834,59.80568718464765,639.0413036230038,640.5186671126573,21512.459953645714
3,35,2,82.74794520547945,30203.0,167.93,1161.4259598560193,XGBoost,0.95,1.645,8.789383535227191,38.25369035437295,617.489306792729,618.9666702823826,20788.614588104105
3,36,1,98.37534246575342,35907.0,78.57,1851.364005997557,XGBoost,0.95,1.645,15.341482476201781,66.77013443201533,755.3975316922892,992.4521374307938,15595.392887587492
3,36,2,98.37534246575342,35907.0,78.57,1851.364005997557,XGBoost,0.95,1.645,10.239519400136802,44.565059988624455,733.1924572488983,970.2470629874028,15246.462347784047
3,37,1,37.37808219178082,13643.0,1169.73,295.76226063553077,XGBoost,0.95,1.645,8.942829513824478,38.92152728831244,300.5681026307782,186.80265760607782,43701.73453631149
3,37,2,37.37808219178082,13643.0,1169.73,295.76226063553077,XGBoost,0.95,1.645,6.17667330751194,26.88249376974934,288.52906911221504,174.76362408751473,40885.25080077773
3,38,1,102.16164383561645,37289.0,66.37,2052.745417406073,XGBoost,0.95,1.645,17.01791796232945,74.06641906089548,789.1979259102105,1100.439127763932,14607.228981938435
3,38,2,102.16164383561645,37289.0,66.37,2052.745417406073,XGBoost,0.95,1.645,10.668908181623912,46.43387199606689,761.5653788453819,1072.8065806991035,14240.4345521999
3,39,1,56.14246575342466,20492.0,503.01,552.7573114081825,XGBoost,0.95,1.645,12.83317562257923,55.853328570983074,448.8505888449557,332.23198427507435,33423.20208204103
3,39,2,56.14246575342466,20492.0,503.01,552.7573114081825,XGBoost,0.95,1.645,8.350206023642125,36.342275239598926,429.33953551357155,312.7209309436902,31460.35109479712
3,40,1,38.25205479452055,13962.0,1272.73,286.8377505194912,XGBoost,0.95,1.645,9.973848988264615,43.40879304096592,311.1731766026098,186.8276683007115,47556.23565527292
3,40,2,38.25205479452055,13962.0,1272.73,286.8377505194912,XGBoost,0.95,1.645,7.007486810010099,30.49841089743162,298.26279445907545,173.91728615717722,44269.94952216483
3,41,1,28.367123287671234,10354.0,2111.73,191.76330990101687,XGBoost,0.95,1.645,7.673740132778675,33.3981191880771,231.96798220177573,129.27977413858554,54600.79548833505
3,41,2,28.367123287671234,10354.0,2111.73,191.76330990101687,XGBoost,0.95,1.645,5.142612407164042,22.381990938016877,220.95185395171552,118.2636458885253,49948.17778643511
3,42,1,47.05205479452055,17174.0,704.99,427.4397258279527,XGBoost,0.95,1.645,11.302490751205232,49.19138864482299,378.5557722064669,262.91125155879934,37069.9606472876
3,42,2,47.05205479452055,17174.0,704.99,427.4397258279527,XGBoost,0.95,1.645,7.396477512338907,32.191399924247555,361.5557834858914,245.9112628382239,34672.9962376639
3,43,1,64.75068493150685,23634.0,358.9,702.7688740089752,XGBoost,0.95,1.645,11.554809250609232,50.28954458581654,503.54433910636453,401.67398159030415,28832.158398552034
3,43,2,64.75068493150685,23634.0,358.9,702.7688740089752,XGBoost,0.95,1.645,8.163671532606278,35.5304284665122,488.7852229870602,386.9148654709998,27772.749043508367
3,44,1,36.83561643835616,13445.0,908.1,333.2300798124925,XGBoost,0.95,1.645,9.557799375686681,41.59803657689477,299.4473516453879,208.213076483141,37815.65895086807
3,44,2,36.83561643835616,13445.0,908.1,333.2300798124925,XGBoost,0.95,1.645,6.097325537755842,26.53715157340594,284.38646664189906,193.15219147965217,35080.30101653443
3,45,1,102.89315068493151,37556.0,61.0,2148.8464309034644,XGBoost,0.95,1.645,16.9088327209394,73.59165162929551,793.8437064238161,1148.0148670810277,14005.78137838854
3,45,2,102.89315068493151,37556.0,61.0,2148.8464309034644,XGBoost,0.95,1.645,11.6182780206779,50.56577723258282,770.8178320271035,1124.988992684315,13724.865710748645
3,46,1,73.93424657534247,26986.0,216.31,967.3008982171673,XGBoost,0.95,1.645,11.19846586994935,48.73864522080878,566.278371248206,532.3890943293924,23032.21699887817
3,46,2,73.93424657534247,26986.0,216.31,967.3008982171673,XGBoost,0.95,1.645,8.211083130097823,35.7367761087989,553.2765021361962,519.3872252173826,22469.730137354407
3,47,1,28.16986301369863,10282.0,1940.83,199.33138445699413,XGBoost,0.95,1.645,7.1452074489669,31.09780705040922,228.28684814629963,130.7634992789063,50757.94446109594
3,47,2,28.16986301369863,10282.0,1940.83,199.33138445699413,XGBoost,0.95,1.645,4.810618300981201,20.937065968422075,218.1261070643125,120.60275819691914,46813.89023826532
3,48,1,64.91780821917808,23695.0,329.86,733.9967904734955,XGBoost,0.95,1.645,13.95623149405053,60.74116073642892,515.1658182706755,427.73955597317666,28218.833986662416
3,48,2,64.91780821917808,23695.0,329.86,733.9967904734955,XGBoost,0.95,1.645,8.843308275754518,38.48838489447404,492.91304242872064,405.4867801312218,26750.773858816967
3,49,1,37.224657534246575,13587.0,988.06,321.1447010192971,XGBoost,0.95,1.645,7.735072240805058,33.66505252416591,294.2376552638919,194.23740303381445,38383.64168831814
3,49,2,37.224657534246575,13587.0,988.06,321.1447010192971,XGBoost,0.95,1.645,5.4875727920451665,23.883348535495617,284.4559512752216,184.45569904514417,36450.659599709026
3,50,1,83.44383561643835,30457.0,154.34,1216.5639566284947,XGBoost,0.95,1.645,14.486442745248784,63.048778437312244,647.1556277523806,671.3307567515595,20722.63779940714
3,50,2,83.44383561643835,30457.0,154.34,1216.5639566284947,XGBoost,0.95,1.645,9.673089569418613,42.099809580000276,626.2066588950687,650.3817878942476,20075.98502871964
4,1,1,25.389041095890413,9267.0,2297.68,173.92236856095755,XGBoost,0.95,1.645,7.413234378868914,32.26433017936491,209.98761785059781,119.22551445984368,54788.41601281873
4,1,2,25.389041095890413,9267.0,2297.68,173.92236856095755,XGBoost,0.95,1.645,5.164153794525458,22.47574467610608,200.19903234733897,109.43692895658485,50290.208584993175
4,2,1,68.73972602739725,25090.0,235.35,894.1777541178318,XGBoost,0.95,1.645,12.80365526523498,55.72484827376185,536.9029304655427,502.81372533267773,23667.44205140914
4,2,2,68.73972602739725,25090.0,235.35,894.1777541178318,XGBoost,0.95,1.645,7.957478481177281,34.63302250954433,515.8111047013251,481.72189956846023,22674.649812687425
4,3,1,43.04109589041096,15710.0,767.06,391.92598289020583,XGBoost,0.95,1.645,9.216376241108973,40.112074015628814,341.39974524850555,236.07506546073174,36216.74794246178
4,3,2,43.04109589041096,15710.0,767.06,391.92598289020583,XGBoost,0.95,1.645,6.7041634866823845,29.1782686552217,330.46593988809843,225.14126010032462,34539.370994511
4,4,1,25.421917808219177,9279.0,1783.76,197.52087855724727,XGBoost,0.95,1.645,7.248045356555327,31.545384455333284,209.49880911286752,130.3058237339569,46486.8632287366
4,4,2,25.421917808219177,9279.0,1783.76,197.52087855724727,XGBoost,0.95,1.645,5.4147197218351435,23.566272966087375,201.51969762362162,122.32671224471102,43640.299246725146
4,5,1,21.646575342465752,7901.0,2500.0,153.95778642212287,XGBoost,0.95,1.645,7.986401486004331,34.75890297275743,186.2849303700177,111.73779618381886,55868.89809190943
4,5,2,21.646575342465752,7901.0,2500.0,153.95778642212287,XGBoost,0.95,1.645,5.162360670413242,22.46794053213162,173.99396792939189,99.44683374319305,49723.41687159653
4,6,1,68.28493150684932,24924.0,278.63,819.078573989449,XGBoost,0.95,1.645,12.501963534266755,54.41180714719381,532.406327695139,463.9510941419183,25854.138672152538
4,6,2,68.28493150684932,24924.0,278.63,819.078573989449,XGBoost,0.95,1.645,9.151681147314001,39.83050408804959,517.8250246359949,449.36979108277404,25041.580977878664
4,7,1,68.6082191780822,25042.0,256.08,856.4012780326361,XGBoost,0.95,1.645,12.925602101251817,56.255592720853834,536.5131269674292,484.4562317371719,24811.910364650998
4,7,2,68.6082191780822,25042.0,256.08,856.4012780326361,XGBoost,0.95,1.645,9.178543513425218,39.94741611393693,520.2049503605123,468.148055130255,23976.67079155114
4,8,1,91.13150684931507,33263.0,85.49,1708.2588566845202,XGBoost,0.95,1.645,13.87347698282333,60.38099151236161,698.3015394575671,914.5104198546217,15636.299158674321
4,8,2,91.13150684931507,33263.0,85.49,1708.2588566845202,XGBoost,0.95,1.645,10.012198317394125,43.575699326934505,681.49624727214,897.7051276691946,15348.962272887888
4,9,1,59.652054794520545,21773.0,303.16,733.9286118440149,XGBoost,0.95,1.645,13.093474812152577,56.986218557809174,474.550602119453,423.95052447981664,25704.968200260246
4,9,2,59.652054794520545,21773.0,303.16,733.9286118440149,XGBoost,0.95,1.645,9.292494486452222,40.44336047912293,458.00774404076674,407.40766640113037,24701.941629233337
4,10,1,85.7013698630137,31281.0,93.02,1588.118036910818,XGBoost,0.95,1.645,14.922990724848455,64.94874914282332,664.8583381839192,859.0077675982324,15980.980508397513
4,10,2,85.7013698630137,31281.0,93.02,1588.118036910818,XGBoost,0.95,1.645,10.035425003493701,43.67678792483791,643.5863769659337,837.7358063802469,15585.236941898112
4,11,1,81.58904109589041,29780.0,101.21,1485.5294501483893,XGBoost,0.95,1.645,15.208064850684583,66.18946611621192,637.3127537874448,808.9541911904066,16374.850738076211
4,11,2,81.58904109589041,29780.0,101.21,1485.5294501483893,XGBoost,0.95,1.645,9.330817992420327,40.610154375955645,611.7334420471885,783.3748794501503,15857.074309829943
4,12,1,81.27123287671233,29664.0,110.12,1421.3871554561074,XGBoost,0.95,1.645,14.250585691352613,62.02226700207021,630.9208971390565,772.7158447301239,17018.29376433625
4,12,2,81.27123287671233,29664.0,110.12,1421.3871554561074,XGBoost,0.95,1.645,9.446504533842637,41.11365238761944,610.0122825246058,751.8072301156732,16557.802436067588
4,13,1,98.12602739726027,35816.0,47.35,2381.8213328603024,XGBoost,0.95,1.645,15.832451086475462,68.90695792092691,755.7891497017488,1259.8176243510782,11930.472902604712
4,13,2,98.12602739726027,35816.0,47.35,2381.8213328603024,XGBoost,0.95,1.645,11.027481148934585,47.994475103893,734.876666884715,1238.905141534044,11732.4316903274
4,14,1,68.83835616438355,25126.0,182.71,1015.5730102829385,XGBoost,0.95,1.645,12.404836032754412,53.989082919396076,535.857576070081,561.7755880608653,20528.40353892014
4,14,2,68.83835616438355,25126.0,182.71,1015.5730102829385,XGBoost,0.95,1.645,8.293080389476144,36.09364957524781,517.9621427259327,543.880154716717,19874.468613658275
4,15,1,102.43287671232876,37388.0,40.0,2647.6876704022325,XGBoost,0.95,1.645,16.382944180139162,71.30284749188847,788.3329844781898,1395.1466826930048,11161.173461544038
4,15,2,102.43287671232876,37388.0,40.0,2647.6876704022325,XGBoost,0.95,1.645,10.494386303296288,45.6743072476575,762.7044442339588,1369.5181424487737,10956.14513959019
4,16,1,30.45205479452055,11115.0,1506.73,235.21642637719918,XGBoost,0.95,1.645,9.192687012266571,40.008972311028124,253.17335587267195,157.6171854996277,47497.30838157081
4,16,2,30.45205479452055,11115.0,1506.73,235.21642637719918,XGBoost,0.95,1.645,5.674775100633631,24.698101824809413,237.86248538645324,142.306315013409,42883.43880403075
4,17,1,38.43835616438356,14030.0,834.61,355.0730210328481,XGBoost,0.95,1.645,8.674173185881857,37.75226485486986,306.8207580055548,215.2887753712939,35936.43296252713
4,17,2,38.43835616438356,14030.0,834.61,355.0730210328481,XGBoost,0.95,1.645,5.994352994289899,26.08898819801552,295.15748134870046,203.62549871443957,33989.575496411686
4,18,1,99.54246575342465,36333.0,51.52,2299.8172861532803,XGBoost,0.95,1.645,16.713012087982044,72.7393891437497,769.5366494177223,1222.64803222039,12598.165323998901
4,18,2,99.54246575342465,36333.0,51.52,2299.8172861532803,XGBoost,0.95,1.645,10.975394118301926,47.76777875672433,744.5650390306969,1197.6764218333644,12340.85785057099
4,19,1,47.364383561643834,17288.0,547.3,486.73243133297586,XGBoost,0.95,1.645,10.1197795375294,44.04392086562448,375.59460579713135,287.4101365321124,31459.913544805022
4,19,2,47.364383561643834,17288.0,547.3,486.73243133297586,XGBoost,0.95,1.645,6.781476682253578,29.514755853878352,361.0654407853852,272.8809715203663,29869.551142619293
4,20,1,55.66027397260274,20316.0,424.89,598.8409337084182,XGBoost,0.95,1.645,11.808129229906692,51.39205922859925,441.0139770368184,350.81252608280835,29811.346841464892
4,20,2,55.66027397260274,20316.0,424.89,598.8409337084182,XGBoost,0.95,1.645,7.060168534906404,30.727695509195392,420.34961331741454,330.1481623634045,28055.330541317388
4,21,1,47.084931506849315,17186.0,647.93,446.01964841233973,XGBoost,0.95,1.645,11.57973665518109,50.39803515424017,379.99255570218537,273.40785936041004,35429.83086307809
4,21,2,47.084931506849315,17186.0,647.93,446.01964841233973,XGBoost,0.95,1.645,7.688656393906308,33.46303864825705,363.05755919620225,256.4728628544269,33235.29240585376
4,22,1,94.13150684931507,34358.0,72.21,1889.0606296035705,XGBoost,0.95,1.645,14.447443344996374,62.879042872208885,721.7995908174144,1007.4093576739941,14549.005943527824
4,22,2,94.13150684931507,34358.0,72.21,1889.0606296035705,XGBoost,0.95,1.645,9.86241489393343,42.923802788534644,701.8443507337402,987.4541175903199,14260.812366239401
4,23,1,34.602739726027394,12630.0,1075.06,296.8355794482025,XGBoost,0.95,1.645,8.817596044274199,38.37647855457819,280.59565663676995,186.79426827867945,40163.009211135424
4,23,2,34.602739726027394,12630.0,1075.06,296.8355794482025,XGBoost,0.95,1.645,6.6984288948642465,29.15331021543573,271.3724882976275,177.571099939537,38179.917340199725
4,24,1,77.54794520547945,28305.0,141.85,1223.3410281115318,XGBoost,0.95,1.645,13.373833120194213,58.2064110617677,601.0420275001238,669.8769251175336,19004.40836558443
4,24,2,77.54794520547945,28305.0,141.85,1223.3410281115318,XGBoost,0.95,1.645,8.323056539648038,36.22411360177435,579.0597300401305,647.8946276575402,18380.770586644416
4,25,1,94.25753424657535,34404.0,56.06,2145.4013742712427,XGBoost,0.95,1.645,17.740723705417807,77.21225823967809,737.0149979657056,1149.9129453752994,12892.823943547859
4,25,2,94.25753424657535,34404.0,56.06,2145.4013742712427,XGBoost,0.95,1.645,11.752267064105354,51.14893250821842,710.9516722342458,1123.8496196438398,12600.601935446733
4,26,1,56.175342465753424,20504.0,390.5,627.5371040037461,XGBoost,0.95,1.645,10.896441688531718,47.42415718314637,440.6515544434203,361.1927091850194,28209.150587350017
4,26,2,56.175342465753424,20504.0,390.5,627.5371040037461,XGBoost,0.95,1.645,7.330631482219091,31.9048208214956,425.13221808176957,345.67337282336865,26997.090417505096
4,27,1,25.904109589041095,9455.0,1639.41,207.97810095991306,XGBoost,0.95,1.645,7.955562198843369,34.62468234885625,215.95344947214392,138.61373282881277,45448.9479473768
4,27,2,25.904109589041095,9455.0,1639.41,207.97810095991306,XGBoost,0.95,1.645,5.48211987382081,23.859616012680313,205.18838313596797,127.84866649263685,41919.27646693876
4,28,1,102.96986301369863,37584.0,43.52,2544.999422165657,XGBoost,0.95,1.645,17.039466147547188,74.16020238502901,794.9492434809194,1346.6599134678575,11721.327886824232
4,28,2,102.96986301369863,37584.0,43.52,2544.999422165657,XGBoost,0.95,1.645,11.737386486151262,51.08416835051971,771.8732094464101,1323.5838794333483,11520.474086587865
4,29,1,81.81643835616438,29863.0,119.82,1367.20201947008,XGBoost,0.95,1.645,13.73976185749306,59.799028399752025,632.5140968929028,743.400038134792,17814.838513862156
4,29,2,81.81643835616438,29863.0,119.82,1367.20201947008,XGBoost,0.95,1.645,9.056499584408613,39.41624909277774,612.1313175859285,723.0172588278177,17326.385590549824
4,30,1,47.57808219178082,17366.0,595.5,467.67014576439954,XGBoost,0.95,1.645,9.988789703084228,43.47381892999349,376.52039427245927,277.3088918121933,33027.48901483222
4,30,2,47.57808219178082,17366.0,595.5,467.67014576439954,XGBoost,0.95,1.645,7.030112251963846,30.596882723943747,363.6434580664095,264.4319556061435,31493.845912691693
4,31,1,68.23835616438356,24907.0,198.8,969.3556635283495,XGBoost,0.95,1.645,12.391386702268639,53.93054792410154,531.5990410747864,538.6083796882763,21415.06917640587
4,31,2,68.23835616438356,24907.0,198.8,969.3556635283495,XGBoost,0.95,1.645,8.73997489144834,38.03865104560112,515.7071441962861,522.7164828097759,20783.207356516694
4,32,1,51.26575342465753,18712.0,462.3,550.9710618234905,XGBoost,0.95,1.645,10.41115461743929,45.31206123510325,404.172335207706,320.7975921468485,29660.945369897614
4,32,2,51.26575342465753,18712.0,462.3,550.9710618234905,XGBoost,0.95,1.645,6.920823364364536,30.121228970908405,388.98150294351115,305.60675988265365,28256.40101875016
4,33,1,81.40821917808219,29714.0,130.37,1307.4417784317004,XGBoost,0.95,1.645,12.22218264820554,53.19412773434735,623.0516619809227,706.9150169501976,18432.102151959454
4,33,2,81.40821917808219,29714.0,130.37,1307.4417784317004,XGBoost,0.95,1.645,8.462497482179502,36.83099696474762,606.688531211323,690.5518861805979,18005.44988027291
4,34,1,29.997260273972604,10949.0,1384.8,243.51422294484118,XGBoost,0.95,1.645,8.821604836808257,38.39392586560725,248.37474778341547,160.15103733802783,44355.43130114018
4,34,2,29.997260273972604,10949.0,1384.8,243.51422294484118,XGBoost,0.95,1.645,6.210369061874196,27.029146484181986,237.0099684019902,148.78625795660258,41207.84200366065
4,35,1,77.14246575342466,28157.0,167.93,1121.3977441627706,XGBoost,0.95,1.645,12.601631751096887,54.84558923094422,594.8428495049169,615.5444613123295,20673.676277635903
4,35,2,77.14246575342466,28157.0,167.93,1121.3977441627706,XGBoost,0.95,1.645,8.468411276409274,36.85673534018413,576.8539956141568,597.5556074215694,20069.502630860836
4,36,1,90.40273972602739,32997.0,78.57,1774.7593935307243,XGBoost,0.95,1.645,15.409690208347728,67.06699227816888,699.8861703603606,954.446689043531,14998.175271630045
4,36,2,90.40273972602739,32997.0,78.57,1774.7593935307243,XGBoost,0.95,1.645,9.410028552858943,40.954899401550534,673.7740774837422,928.3345961669127,14587.849844166863
4,37,1,34.29041095890411,12516.0,1169.73,283.28305331823043,XGBoost,0.95,1.645,8.403658509823993,36.57491440557426,276.60779111790305,178.2164410646895,41693.023521319854
4,37,2,34.29041095890411,12516.0,1169.73,283.28305331823043,XGBoost,0.95,1.645,6.1537083326703845,26.782544207523056,266.8154209198518,168.42407086663826,39402.13768296656
4,38,1,94.93698630136986,34652.0,66.37,1978.8317764879334,XGBoost,0.95,1.645,14.732667142359798,64.12041125513458,728.6793153647236,1053.5362994991012,13984.640839551072
4,38,2,94.93698630136986,34652.0,66.37,1978.8317764879334,XGBoost,0.95,1.645,9.58835602573638,41.731027090345826,706.2899311999348,1031.1469153343126,13687.444154147666
4,39,1,51.83835616438356,18921.0,503.01,531.146550135198,XGBoost,0.95,1.645,12.825909001332555,55.82170233940737,418.69019549009226,321.39497740700637,32332.977517099655
4,39,2,51.83835616438356,18921.0,503.01,531.146550135198,XGBoost,0.95,1.645,8.018242371270825,34.897482812937554,397.76597596362245,300.47075788053655,30227.95918429774
4,40,1,34.0958904109589,12445.0,1272.73,270.8070346082639,XGBoost,0.95,1.645,8.611040813348543,37.47749629794582,276.1487291746581,172.88101360207776,44006.17048835449
4,40,2,34.0958904109589,12445.0,1272.73,270.8070346082639,XGBoost,0.95,1.645,5.806835899320142,25.27286487624046,263.94409775295276,160.6763821803724,40899.53037848508
4,41,1,26.134246575342466,9539.0,2111.73,184.0614594270485,XGBoost,0.95,1.645,6.881982403091743,29.95218297358213,212.89190900097938,121.98291268710638,51518.99524174863
4,41,2,26.134246575342466,9539.0,2111.73,184.0614594270485,XGBoost,0.95,1.645,4.927559634075622,21.446025160826455,204.3857511882237,113.4767548743507,47926.453514162524
4,42,1,42.63835616438356,15563.0,704.99,406.8982406495057,XGBoost,0.95,1.645,10.489660005594416,45.65373716693621,344.12223031762113,249.10285749168906,35123.00470061318
4,42,2,42.63835616438356,15563.0,704.99,406.8982406495057,XGBoost,0.95,1.645,6.728204225545984,29.282900223145962,327.7513933738309,232.7320205478988,32814.74943321264
4,43,1,60.45753424657534,22067.0,358.9,679.0715721157276,XGBoost,0.95,1.645,12.188297121322163,53.04664908038985,476.24938880641724,392.58243513825363,28179.567194223848
4,43,2,60.45753424657534,22067.0,358.9,679.0715721157276,XGBoost,0.95,1.645,8.388325852063064,36.508182678605536,459.7109224046329,376.0439687364693,26992.436075903766
4,44,1,34.52328767123288,12601.0,908.1,322.6014385275935,XGBoost,0.95,1.645,8.891896008172973,38.69985138282414,280.3628650814543,200.00057064662087,36324.10364083928
4,44,2,34.52328767123288,12601.0,908.1,322.6014385275935,XGBoost,0.95,1.645,6.512217714691713,28.342870575580104,270.00588427421025,189.64358983937683,34443.06878662762
4,45,1,94.52602739726028,34502.0,61.0,2059.623553062032,XGBoost,0.95,1.645,16.056945217807268,69.88401495250619,731.5662067333282,1099.6957914835223,13416.288656098974
4,45,2,94.52602739726028,34502.0,61.0,2059.623553062032,XGBoost,0.95,1.645,10.358150361123226,45.08137288245007,706.7635646632721,1074.893149413466,13113.696422844287
4,46,1,68.71506849315068,25081.0,216.31,932.5341762259502,XGBoost,0.95,1.645,12.847682589542893,55.91646667617383,536.9219461282286,522.183554789149,22590.704947288163
4,46,2,68.71506849315068,25081.0,216.31,932.5341762259502,XGBoost,0.95,1.645,8.197383972746188,35.67715380180263,516.6826332538574,501.94424191477776,21715.111793717115
4,47,1,25.945205479452056,9470.0,1940.83,191.29863576790206,XGBoost,0.95,1.645,6.506933345099891,28.31987162038906,209.93630997655345,123.96918950434008,48120.62441314167
4,47,2,25.945205479452056,9470.0,1940.83,191.29863576790206,XGBoost,0.95,1.645,4.873863492005777,21.21232554085519,202.8287638970196,116.86164342480622,45361.71668163333
4,48,1,60.25479452054795,21993.0,329.86,707.1442941934009,XGBoost,0.95,1.645,11.964566854239047,52.072916585318175,473.8564782291538,405.64506368201864,26761.216141230136
4,48,2,60.25479452054795,21993.0,329.86,707.1442941934009,XGBoost,0.95,1.645,7.636473997393631,33.23592724389694,455.01948888773256,386.8080743405974,25518.502280397894
4,49,1,34.657534246575345,12650.0,988.06,309.87335585726424,XGBoost,0.95,1.645,8.526286607090976,37.10862387937251,279.7113636053999,192.04530180800464,37950.45618088341
4,49,2,34.657534246575345,12650.0,988.06,309.87335585726424,XGBoost,0.95,1.645,5.412377812343347,23.556080364959193,266.1588200909866,178.49275829359132,35272.31095191317
4,50,1,76.78630136986301,28027.0,154.34,1167.0237394538635,XGBoost,0.95,1.645,14.188761425450151,61.753191666497415,599.2573012555384,645.2650613934292,19918.041915092374
4,50,2,76.78630136986301,28027.0,154.34,1167.0237394538635,XGBoost,0.95,1.645,9.648823624920514,41.994197858397015,579.498307447438,625.5060675853288,19308.12129422393
5,1,1,18.59178082191781,6786.0,2297.68,148.83079011952267,XGBoost,0.95,1.645,5.759348120993072,25.06618567508146,155.20865142850613,99.4815807348428,45715.36768456672
5,1,2,18.59178082191781,6786.0,2297.68,148.83079011952267,XGBoost,0.95,1.645,4.346418041319076,18.91674532541404,149.0592110788387,93.33214038517538,42889.47846404195
5,2,1,50.1013698630137,18287.0,235.35,763.3870051072411,XGBoost,0.95,1.645,10.761986506193175,46.83897314935094,397.54856219044683,428.53247570297145,20171.023631338867
5,2,2,50.1013698630137,18287.0,235.35,763.3870051072411,XGBoost,0.95,1.645,7.973605635455354,34.70321209264513,385.412801133741,416.39671464626565,19599.793358399726
5,3,1,30.873972602739727,11269.0,767.06,331.93928415988387,XGBoost,0.95,1.645,8.072555299799625,35.13386684850191,251.25167506767997,201.10350892844383,30851.691511730427
5,3,2,30.873972602739727,11269.0,767.06,331.93928415988387,XGBoost,0.95,1.645,5.544231447212741,24.12994178540772,240.24775000458578,190.09958386534964,29163.55735995102
5,4,1,18.638356164383563,6803.0,1783.76,169.1268876100453,XGBoost,0.95,1.645,5.617612736912425,24.449316303850967,154.9178094545359,109.01276010887361,38890.52019436088
5,4,2,18.638356164383563,6803.0,1783.76,169.1268876100453,XGBoost,0.95,1.645,3.9287635715535316,17.09900410414442,147.56749725482936,101.66244790916707,36268.28161649117
5,5,1,15.873972602739727,5794.0,2500.0,131.84081310428877,XGBoost,0.95,1.645,5.794157806949163,25.217686510442697,136.3354947296208,91.13809306258707,45569.046531293534
5,5,2,15.873972602739727,5794.0,2500.0,131.84081310428877,XGBoost,0.95,1.645,4.004723136896994,17.429599950878792,128.54740817005688,83.35000650302318,41675.00325151159
5,6,1,49.586301369863016,18099.0,278.63,697.9816164215973,XGBoost,0.95,1.645,10.710386294711306,46.614395566140885,393.718505155182,395.60520377693956,22045.495585673732
5,6,2,49.586301369863016,18099.0,278.63,697.9816164215973,XGBoost,0.95,1.645,6.8956180273942556,30.011528768172422,377.1156383572135,379.0023369789711,21120.284230490142
5,7,1,49.35342465753425,18014.0,256.08,726.3532437297046,XGBoost,0.95,1.645,10.999560213594853,47.872955908535346,393.3469285112751,411.0495777733876,21052.31517524182
5,7,2,49.35342465753425,18014.0,256.08,726.3532437297046,XGBoost,0.95,1.645,6.959694386656963,30.290405801635245,375.764378404375,393.4670276664875,20151.807288966826
5,8,1,66.13972602739726,24141.0,85.49,1455.2935388184744,XGBoost,0.95,1.645,13.710102607977134,59.66994360756176,522.6480257993426,787.316713016799,13461.541159161228
5,8,2,66.13972602739726,24141.0,85.49,1455.2935388184744,XGBoost,0.95,1.645,8.326944581004419,36.241035372173364,499.21911756395417,763.8878047814105,13060.953686152556
5,9,1,43.31780821917808,15811.0,303.16,625.4237249499794,XGBoost,0.95,1.645,11.21216896587162,48.79828466949205,352.02294220373864,361.5101471444817,21919.08324166422
5,9,2,43.31780821917808,15811.0,303.16,625.4237249499794,XGBoost,0.95,1.645,7.884251860965314,34.31432115306593,337.5389786873125,347.0261836280556,21040.89156573627
5,10,1,62.054794520547944,22650.0,93.02,1351.3771374808255,XGBoost,0.95,1.645,12.795219036651584,55.68813160589834,490.0716932497339,731.376700346311,13606.53213324277
5,10,2,62.054794520547944,22650.0,93.02,1351.3771374808255,XGBoost,0.95,1.645,8.190213648338906,35.645946679196456,470.0295083230321,711.3345154196091,13233.667324866408
5,11,1,59.35616438356164,21665.0,101.21,1267.063165867352,XGBoost,0.95,1.645,12.212850883723856,53.15351346060317,468.64666414553466,686.6850963942792,13899.879721213
5,11,2,59.35616438356164,21665.0,101.21,1267.063165867352,XGBoost,0.95,1.645,7.854240663301096,34.183704590708665,449.67685527564015,667.7152875243846,13515.892850068594
5,12,1,59.28767123287671,21640.0,110.12,1214.0208864253857,XGBoost,0.95,1.645,10.961579953149023,47.707655905770636,462.7213545359076,654.7180991184634,14419.51141498504
5,12,2,59.28767123287671,21640.0,110.12,1214.0208864253857,XGBoost,0.95,1.645,6.990961541963274,30.42648861933866,445.4401872494756,637.4369318320315,14038.910986668663
5,13,1,71.64109589041095,26149.0,47.35,2035.1582395946693,XGBoost,0.95,1.645,16.336387853013587,71.10022220938023,572.5878934422569,1088.679342006715,10309.793368803592
5,13,2,71.64109589041095,26149.0,47.35,2035.1582395946693,XGBoost,0.95,1.645,9.837003489607836,42.81320572690397,544.3008769597807,1060.3923255242387,10041.915322714542
5,14,1,49.63835616438356,18118.0,182.71,862.3917645594029,XGBoost,0.95,1.645,11.770637100616922,51.22888369998239,398.6973768506673,482.4247659796838,17628.765798429606
5,14,2,49.63835616438356,18118.0,182.71,862.3917645594029,XGBoost,0.95,1.645,7.468089773362794,32.5030751683423,379.97156831902726,463.69895744804376,16944.487303066417
5,15,1,74.43561643835616,27169.0,40.0,2257.0306821131167,XGBoost,0.95,1.645,15.353779118051834,66.82365262562303,587.8729676941161,1195.3389936821814,9562.71194945745
5,15,2,74.43561643835616,27169.0,40.0,2257.0306821131167,XGBoost,0.95,1.645,9.412489453118425,40.96560988154516,562.0149249500382,1169.4809509381034,9355.847607504827
5,16,1,21.575342465753426,7875.0,1506.73,197.98769301496216,XGBoost,0.95,1.645,6.404159467147096,27.872572889145026,178.899970149419,126.8664193966261,38230.68801949569
5,16,2,21.575342465753426,7875.0,1506.73,197.98769301496216,XGBoost,0.95,1.645,4.536158581956968,19.7425456628487,170.76994292312267,118.73639217032978,35780.7368349602
5,17,1,28.04931506849315,10238.0,834.61,303.3167558587601,XGBoost,0.95,1.645,8.785949289699195,38.238743621817434,234.5839491012695,189.89712155119747,31698.00732356899
5,17,2,28.04931506849315,10238.0,834.61,303.3167558587601,XGBoost,0.95,1.645,6.102646386484117,26.56030929531648,222.90551477476853,178.2186872246965,29748.619708920796
5,18,1,71.75616438356164,26191.0,51.52,1952.6245476853971,XGBoost,0.95,1.645,11.662989432541872,50.76037296252181,553.0535236474533,1027.0726468052203,10582.956552680993
5,18,2,71.75616438356164,26191.0,51.52,1952.6245476853971,XGBoost,0.95,1.645,8.664633087195062,37.71074385630924,540.0038945412407,1014.0230176990078,10448.493174370578
5,19,1,34.87671232876713,12730.0,547.3,417.6688720506543,XGBoost,0.95,1.645,7.272156285951267,31.65032151076747,275.7873078121373,240.4847575360946,26323.461559900916
5,19,2,34.87671232876713,12730.0,547.3,417.6688720506543,XGBoost,0.95,1.645,4.841356346120078,21.07084596062843,265.2078322619983,229.90528198595555,25165.432166182694
5,20,1,40.04657534246575,14617.0,424.89,507.9506264155448,XGBoost,0.95,1.645,10.729055753543149,46.695649921963984,327.02167731922424,300.6709631297364,25550.41710483874
5,20,2,40.04657534246575,14617.0,424.89,507.9506264155448,XGBoost,0.95,1.645,7.076142996574348,30.797220534218383,311.12324793147866,284.77253374199074,24199.40037232689
5,21,1,34.11506849315069,12452.0,647.93,379.6523944490124,XGBoost,0.95,1.645,7.977632371281212,34.72073749756162,273.5262169496164,224.54693472206782,29098.13908289388
5,21,2,34.11506849315069,12452.0,647.93,379.6523944490124,XGBoost,0.95,1.645,5.794680182653807,25.219960025800635,264.02543947785546,215.04615725030683,27866.971333438258
5,22,1,67.96438356164384,24807.0,72.21,1605.1627860091635,XGBoost,0.95,1.645,11.740708782429106,51.098627850730246,526.8493127822371,853.680020855312,12328.846861192416
5,22,2,67.96438356164384,24807.0,72.21,1605.1627860091635,XGBoost,0.95,1.645,7.542737427578568,32.82796123556257,508.57864616706945,835.4093542401444,12064.981893936165
5,23,1,24.92054794520548,9096.0,1075.06,251.90657660035708,XGBoost,0.95,1.645,6.9696975677126645,30.33394225548663,204.777777871925,156.28723055566516,33603.630016234674
5,23,2,24.92054794520548,9096.0,1075.06,251.90657660035708,XGBoost,0.95,1.645,5.146907204980985,22.400683018657748,196.84451863509614,148.3539713188363,31897.88408120563
5,24,1,55.8054794520548,20369.0,141.85,1037.76929227217,XGBoost,0.95,1.645,12.789275809388865,55.66226513022317,446.30062129460674,574.5469112663083,16299.895872625166
5,24,2,55.8054794520548,20369.0,141.85,1037.76929227217,XGBoost,0.95,1.645,8.439618981258839,36.73142375958669,427.36977992397027,555.6160698956718,15762.82790294021
5,25,1,69.35068493150685,25313.0,56.06,1840.2460514261431,XGBoost,0.95,1.645,13.977150146946675,60.83220417164967,546.2869986921976,980.9552298847212,10998.470037467496
5,25,2,69.35068493150685,25313.0,56.06,1840.2460514261431,XGBoost,0.95,1.645,8.97161343997298,39.04680244482994,524.5015969653779,959.1698281579015,10754.212113306394
5,26,1,40.61369863013699,14824.0,390.5,533.5840213223212,XGBoost,0.95,1.645,10.308059552328587,44.863364613548114,329.15925502450705,311.6553752747087,24340.284808954755
5,26,2,40.61369863013699,14824.0,390.5,533.5840213223212,XGBoost,0.95,1.645,6.9348341232443955,30.18220744905443,314.47809786001335,296.974218110215,23193.686434407795
5,27,1,18.90958904109589,6902.0,1639.41,177.69463646128582,XGBoost,0.95,1.645,7.087156205875437,30.845152894516836,163.21227618218808,119.69247112515976,39245.00681745964
5,27,2,18.90958904109589,6902.0,1639.41,177.69463646128582,XGBoost,0.95,1.645,4.677372319611582,20.357144692732042,152.72426798040328,109.20446292337496,35806.17771224204
5,28,1,74.86849315068493,27327.0,43.52,2170.112091337816,XGBoost,0.95,1.645,14.518271928167614,63.18730734582211,587.2667594006166,1148.24335301473,9994.31014464021
5,28,2,74.86849315068493,27327.0,43.52,2170.112091337816,XGBoost,0.95,1.645,8.901282940190233,38.74070576007673,562.8201578148712,1123.7967514289846,9781.526924437883
5,29,1,59.07945205479452,21564.0,119.82,1161.798029776686,XGBoost,0.95,1.645,11.195308211193723,48.72490226604996,462.28106664961166,629.623917154393,15088.307550687872
5,29,2,59.07945205479452,21564.0,119.82,1161.798029776686,XGBoost,0.95,1.645,8.357031105310382,36.371979775728725,449.9281441592904,617.2709946640717,14792.282116129814
5,30,1,34.36986301369863,12545.0,595.5,397.4889697945244,XGBoost,0.95,1.645,9.265442424181082,40.3256228460546,280.914663941945,239.07010774331678,28473.24983222903
5,30,2,34.36986301369863,12545.0,595.5,397.4889697945244,XGBoost,0.95,1.645,6.599693453089995,28.72358781209578,269.31262890798615,227.46807270935798,27091.44745968454
5,31,1,50.02465753424657,18259.0,198.8,829.9672122684387,XGBoost,0.95,1.645,11.97947759382382,52.13781201430298,402.310414754029,467.12141814852237,18572.74758558525
5,31,2,50.02465753424657,18259.0,198.8,829.9672122684387,XGBoost,0.95,1.645,8.442957685219938,36.745954670315626,386.91855741004167,451.729560804535,17960.767337588313
5,32,1,37.31232876712329,13619.0,462.3,470.0470105032718,XGBoost,0.95,1.645,9.391438446866912,40.87399040998998,302.060291779853,275.8974956616259,25509.482448873932
5,32,2,37.31232876712329,13619.0,462.3,470.0470105032718,XGBoost,0.95,1.645,6.488623737557106,28.240183431263553,289.4264848011266,263.26368868289944,24341.360655620883
5,33,1,59.57260273972603,21744.0,130.37,1118.436981224042,XGBoost,0.95,1.645,10.877241436637462,47.340592677428184,464.34881185551035,606.5590832894492,15815.421537689099
5,33,2,59.57260273972603,21744.0,130.37,1118.436981224042,XGBoost,0.95,1.645,6.596959649282631,28.711689584658394,445.7199087627406,587.9301801966794,15329.69151844822
5,34,1,21.824657534246576,7966.0,1384.8,207.70992805217202,XGBoost,0.95,1.645,7.423507039171626,32.30903947720822,185.08164221693426,136.16400350329423,37711.982410272365
5,34,2,21.824657534246576,7966.0,1384.8,207.70992805217202,XGBoost,0.95,1.645,4.981472836910804,21.680669485881072,174.45327222560712,125.53563351196708,34768.3490574744
5,35,1,56.276712328767125,20541.0,167.93,957.8053951060732,XGBoost,0.95,1.645,11.33014005114656,49.3117256120553,443.24871191342515,528.214423165092,17740.609616422782
5,35,2,56.276712328767125,20541.0,167.93,957.8053951060732,XGBoost,0.95,1.645,7.438762690171692,32.37543605066209,426.31242235203194,511.2781336036987,17171.787395213825
5,36,1,65.01369863013699,23730.0,78.57,1505.0506797721807,XGBoost,0.95,1.645,12.409880586378732,54.01103813292696,509.10692854388583,806.5363780190173,12673.912644190837
5,36,2,65.01369863013699,23730.0,78.57,1505.0506797721807,XGBoost,0.95,1.645,8.931475636096815,38.87211225013886,493.9680026610977,791.3974521362293,12436.019562868705
5,37,1,25.10958904109589,9165.0,1169.73,242.41196509604902,XGBoost,0.95,1.645,6.560707357595784,28.5539101527714,204.32103344044265,149.75989270079592,35035.7278577804
5,37,2,25.10958904109589,9165.0,1169.73,242.41196509604902,XGBoost,0.95,1.645,5.165760695245768,22.482738327292033,198.24986161496327,143.68872087531653,33615.4014938968
5,38,1,68.8082191780822,25115.0,66.37,1684.6563144139345,XGBoost,0.95,1.645,13.209564503122712,57.49147118148952,539.1490054280649,899.8196283884567,11944.205747228376
5,38,2,68.8082191780822,25115.0,66.37,1684.6563144139345,XGBoost,0.95,1.645,9.382604005427092,40.83554061587891,522.4930748624543,883.1636978228462,11723.114924900461
5,39,1,37.50410958904109,13689.0,503.01,451.78123045699533,XGBoost,0.95,1.645,9.954141145454065,43.323019367146145,305.8517864904338,269.21363459564384,27083.43006759096
5,39,2,37.50410958904109,13689.0,503.01,451.78123045699533,XGBoost,0.95,1.645,6.677828462735017,29.063651760018534,291.5924188833062,254.9542669885162,25648.909167578706
5,40,1,24.873972602739727,9079.0,1272.73,231.3031243946133,XGBoost,0.95,1.645,7.557922533630978,32.89405077899858,207.01185899817665,148.54561297630522,37811.69160066659
5,40,2,24.873972602739727,9079.0,1272.73,231.3031243946133,XGBoost,0.95,1.645,5.108311076963378,22.23270259953668,196.35051081871475,137.88426479684333,35097.888066977284
5,41,1,18.76164383561644,6848.0,2111.73,155.95284888113778,XGBoost,0.95,1.645,6.433347485269292,27.999606759362347,159.3311136086774,105.97603119993124,44758.55287316616
5,41,2,18.76164383561644,6848.0,2111.73,155.95284888113778,XGBoost,0.95,1.645,4.644128027861381,20.212456861376673,151.54396371069174,98.18888130194557,41469.68126235151
5,42,1,30.742465753424657,11221.0,704.99,345.5054756067355,XGBoost,0.95,1.645,7.652970968457388,33.30772636613671,248.5049866401093,206.06046416950446,29054.113326971794
5,42,2,30.742465753424657,11221.0,704.99,345.5054756067355,XGBoost,0.95,1.645,5.476323366158339,23.834388098985546,239.03164837295816,196.5871259023533,27718.391577980015
5,43,1,43.49315068493151,15875.0,358.9,575.9712017970398,XGBoost,0.95,1.645,9.88183288251792,43.008314941137684,347.4603697356582,330.9939158396576,23758.74327897062
5,43,2,43.49315068493151,15875.0,358.9,575.9712017970398,XGBoost,0.95,1.645,6.193060206131549,26.95381382799354,331.4058686225141,314.93941472651346,22606.351189069137
5,44,1,25.06027397260274,9147.0,908.1,274.85467824402474,XGBoost,0.95,1.645,7.672175638325971,33.391310100031845,208.813227908251,170.8186492220442,31024.083071707668
5,44,2,25.06027397260274,9147.0,908.1,274.85467824402474,XGBoost,0.95,1.645,5.118495961612523,22.277029874834415,197.6989476830536,159.7043689968468,29005.507497207316
5,45,1,68.32328767123288,24938.0,61.0,1751.0418444410761,XGBoost,0.95,1.645,12.239892912103484,53.27120742355773,531.5342211221879,928.7921296440958,11331.26398165797
5,45,2,68.32328767123288,24938.0,61.0,1751.0418444410761,XGBoost,0.95,1.645,8.672817728159337,37.74636554921345,516.0093792478435,913.2672877697515,11141.860910790969
5,46,1,50.367123287671234,18384.0,216.31,798.3849445706455,XGBoost,0.95,1.645,10.412284633318306,45.31697935903744,397.88684237273606,444.5094516443602,19230.36789703831
5,46,2,50.367123287671234,18384.0,216.31,798.3849445706455,XGBoost,0.95,1.645,8.04706166451354,35.02291189627658,387.5927749099752,434.21538418159935,18785.02595046435
5,47,1,18.526027397260275,6762.0,1940.83,161.6495375875608,XGBoost,0.95,1.645,6.460758462010741,28.118906481848654,157.8010982626706,108.94367527562905,42288.23065703982
5,47,2,18.526027397260275,6762.0,1940.83,161.6495375875608,XGBoost,0.95,1.645,4.737130530871546,20.61722801945318,150.29941980027513,101.44199681323357,39376.33413500562
5,48,1,43.54246575342466,15893.0,329.86,601.1304756742355,XGBoost,0.95,1.645,10.55580918268204,45.94163564438514,350.73889591835774,346.5068734815029,22859.751457321712
5,48,2,43.54246575342466,15893.0,329.86,601.1304756742355,XGBoost,0.95,1.645,7.093851161478056,30.87429108805821,335.6715513620308,331.439528925176,21865.72860225171
5,49,1,25.339726027397262,9249.0,988.06,264.9636894659737,XGBoost,0.95,1.645,6.195454770914112,26.96423559868525,204.3423177904661,159.44608033167208,31508.45882650238
5,49,2,25.339726027397262,9249.0,988.06,264.9636894659737,XGBoost,0.95,1.645,4.255665126414103,18.52176496170394,195.89984715348479,151.0036096946908,29840.125318987237
5,50,1,56.397260273972606,20585.0,154.34,1000.1538692039896,XGBoost,0.95,1.645,10.993982630741481,47.84868081272873,442.62950273053696,547.9256154147236,16913.367896621687
5,50,2,56.397260273972606,20585.0,154.34,1000.1538692039896,XGBoost,0.95,1.645,7.731741722652214,33.650557240210226,428.43137915801844,533.727491842205,16475.100218185187
6,1,1,18.427397260273974,6726.0,2297.68,148.17136822247605,XGBoost,0.95,1.645,6.133099284399212,26.692848252408112,155.68462907432593,100.77853236364614,46311.36364826049
6,1,2,18.427397260273974,6726.0,2297.68,148.17136822247605,XGBoost,0.95,1.645,4.121311497655052,17.937022915582467,146.9288037375003,92.02270702682048,42287.746696276976
6,2,1,50.1945205479452,18321.0,235.35,764.0963370132681,XGBoost,0.95,1.645,11.176514520525632,48.64310722086259,400.004751056479,430.69127572749665,20272.638348493267
6,2,2,50.1945205479452,18321.0,235.35,764.0963370132681,XGBoost,0.95,1.645,7.1021912073549816,30.91058914368845,382.2722329793049,412.9587576503225,19437.968722600683
6,3,1,31.027397260273972,11325.0,767.06,332.7630291078816,XGBoost,0.95,1.645,9.558080558647724,41.59926035850375,258.79104118042153,207.98077491244456,31906.746640867947
6,3,2,31.027397260273972,11325.0,767.06,332.7630291078816,XGBoost,0.95,1.645,6.49270711951834,28.257955374940565,245.44973619685837,194.63946992888137,29860.03036072955
6,4,1,18.526027397260275,6762.0,1783.76,168.61647443387326,XGBoost,0.95,1.645,6.9017748397672145,30.038324821973145,159.72051660279507,114.34656203890978,40793.364700505146
6,4,2,18.526027397260275,6762.0,1783.76,168.61647443387326,XGBoost,0.95,1.645,4.75498967602279,20.69495567872204,150.37714745954398,105.00319289565867,37460.099071912024
6,5,1,15.33972602739726,5599.0,2500.0,129.60324070022324,XGBoost,0.95,1.645,6.178842419538222,26.891934311223583,134.2700165030044,91.6935546613352,45846.7773306676
6,5,2,15.33972602739726,5599.0,2500.0,129.60324070022324,XGBoost,0.95,1.645,4.148580168500118,18.055703285679154,125.43378547745998,82.85732363579078,41428.66181789539
6,6,1,49.81643835616438,18183.0,278.63,699.5994567758341,XGBoost,0.95,1.645,10.564405571259384,45.979049370329115,394.6941178634798,395.7787777582462,22055.168169356028
6,6,2,49.81643835616438,18183.0,278.63,699.5994567758341,XGBoost,0.95,1.645,7.017961430657164,30.54399917938636,379.25906767253707,380.3437275673034,21195.03456241555
6,7,1,49.62739726027397,18114.0,256.08,728.3665333713052,XGBoost,0.95,1.645,10.272377481889711,44.70806693330683,392.09984775522463,408.89133361895944,20941.77854262863
6,7,2,49.62739726027397,18114.0,256.08,728.3665333713052,XGBoost,0.95,1.645,7.470046877919652,32.511592997995436,379.9033738199132,396.694859683648,20317.123933557716
6,8,1,65.01643835616439,23731.0,85.49,1442.8825887547368,XGBoost,0.95,1.645,13.369581143484698,58.18790534975867,513.3029738429094,779.6291997271271,13330.100056934418
6,8,2,65.01643835616439,23731.0,85.49,1442.8825887547368,XGBoost,0.95,1.645,8.680520444752492,37.779889781517234,492.89495827466794,759.2211841588856,12981.163806748626
6,9,1,44.45753424657534,16227.0,303.16,633.5980042010573,XGBoost,0.95,1.645,8.863102544686607,38.5745347173239,349.7772744433513,355.37353681785254,21547.008284340038
6,9,2,44.45753424657534,16227.0,303.16,633.5980042010573,XGBoost,0.95,1.645,6.4955481613431365,28.270320330208925,339.4730600562363,345.06932243073754,20922.24315762048
6,10,1,62.14246575342466,22682.0,93.02,1352.3314157443176,XGBoost,0.95,1.645,10.697598088981819,46.55873795827759,481.5559982322502,722.7244458304364,13445.565590229438
6,10,2,62.14246575342466,22682.0,93.02,1352.3314157443176,XGBoost,0.95,1.645,6.488201781209758,28.238346967148658,463.23560724112133,704.4040548393075,13104.733036230477
6,11,1,58.74246575342466,21441.0,101.21,1260.495900832765,XGBoost,0.95,1.645,11.69263144873262,50.8893827507846,462.0866430247572,681.1373331671672,13787.581897969798
6,11,2,58.74246575342466,21441.0,101.21,1260.495900832765,XGBoost,0.95,1.645,8.299850918965095,36.12311668606024,447.3203769600329,666.3710671024428,13488.683140287647
6,12,1,58.54520547945206,21369.0,110.12,1206.3952814103184,XGBoost,0.95,1.645,11.900607652301952,51.79454945110355,461.6109878072679,654.9921901562627,14425.547996001531
6,12,2,58.54520547945206,21369.0,110.12,1206.3952814103184,XGBoost,0.95,1.645,8.463174824868311,36.83394493685256,446.65038329301694,640.0315856420118,14096.055642179668
6,13,1,71.9945205479452,26278.0,47.35,2040.172053120961,XGBoost,0.95,1.645,14.864445630707712,64.69394561831541,568.6555894539318,1084.779972178796,10272.8663365332
6,13,2,71.9945205479452,26278.0,47.35,2040.172053120961,XGBoost,0.95,1.645,9.88584607387821,43.025781397006185,546.9874252326226,1063.1118079574867,10067.6688213574
6,14,1,50.14794520547945,18304.0,182.71,866.8071329074545,XGBoost,0.95,1.645,11.146609099180697,48.5129510246446,399.5485674630008,481.9165174783719,17610.193381694666
6,14,2,50.14794520547945,18304.0,182.71,866.8071329074545,XGBoost,0.95,1.645,7.609888360993341,33.12021961791218,384.15583605626836,466.52378607163945,17047.71219062985
6,15,1,74.37808219178082,27148.0,40.0,2256.1582391312895,XGBoost,0.95,1.645,12.298577833327233,53.5266195120127,574.1731948544784,1181.6057390776575,9452.84591262126
6,15,2,74.37808219178082,27148.0,40.0,2256.1582391312895,XGBoost,0.95,1.645,9.858774169462306,42.90795740574689,563.5545327482126,1170.9870769713916,9367.896615771133
6,16,1,21.843835616438355,7973.0,1506.73,199.2158074512399,XGBoost,0.95,1.645,6.040346509363287,26.2891639756312,179.19601329069968,125.89706770125115,37938.57776350123
6,16,2,21.843835616438355,7973.0,1506.73,199.2158074512399,XGBoost,0.95,1.645,3.969289984218188,17.27538562567365,170.18223494074215,116.8832893512936,35222.31171285492
6,17,1,27.70958904109589,10114.0,834.61,301.47431313697433,XGBoost,0.95,1.645,7.1535944142422725,31.13430931150308,225.1014325991743,181.87146587999024,30358.348827619735
6,17,2,27.70958904109589,10114.0,834.61,301.47431313697433,XGBoost,0.95,1.645,5.384870153961208,23.436359858747714,217.40348314641895,174.1735164272349,29073.391709066906
6,18,1,71.56164383561644,26120.0,51.52,1949.9761106993428,XGBoost,0.95,1.645,14.973028785709252,65.16652783895489,566.09803468827,1040.1545831886262,10717.752825175607
6,18,2,71.56164383561644,26120.0,51.52,1949.9761106993428,XGBoost,0.95,1.645,9.495765001412227,41.32804679486839,542.2595536441835,1016.3161021445399,10472.121116497341
6,19,1,33.78630136986301,12332.0,547.3,411.0878732577231,XGBoost,0.95,1.645,8.595046296055802,37.40788398561106,273.9119935746522,242.9518206144726,26593.50628446017
6,19,2,33.78630136986301,12332.0,547.3,411.0878732577231,XGBoost,0.95,1.645,6.103861469594807,26.56559765403753,263.0697072430786,232.1095342828991,25406.709622606133
6,20,1,39.99452054794521,14598.0,424.89,507.62038764594877,XGBoost,0.95,1.645,8.91141304001807,38.7847945975384,318.7464384331548,292.5949884205128,24864.136925998337
6,20,2,39.99452054794521,14598.0,424.89,507.62038764594877,XGBoost,0.95,1.645,6.2108198411215785,27.031108393077925,306.99275222869437,280.8413022160523,23865.332179715697
6,21,1,34.21917808219178,12490.0,647.93,380.23124929662976,XGBoost,0.95,1.645,8.56839909036751,37.29190839402108,276.82615496936353,227.40753304233596,29468.832576824145
6,21,2,34.21917808219178,12490.0,647.93,380.23124929662976,XGBoost,0.95,1.645,6.023637413032381,26.216441628883892,265.7506882042264,216.33206627719878,28033.607140597076
6,22,1,67.76986301369863,24736.0,72.21,1602.8640755544275,XGBoost,0.95,1.645,14.038115305078575,61.097540446058,535.4865815419483,862.5295782232718,12456.652168700492
6,22,2,67.76986301369863,24736.0,72.21,1602.8640755544275,XGBoost,0.95,1.645,9.069527090823287,39.47294819965813,513.8619892955485,840.9049859768719,12144.349807477984
6,23,1,24.816438356164383,9058.0,1075.06,251.37983580988276,XGBoost,0.95,1.645,7.744447635757566,33.70585668910259,207.42092518225326,159.39577459404398,34272.004287014584
6,23,2,24.816438356164383,9058.0,1075.06,251.37983580988276,XGBoost,0.95,1.645,5.4390025801495865,23.671958301032287,197.38702679418296,149.36187620597366,32114.59572679881
6,24,1,56.62191780821918,20667.0,141.85,1045.33304948694,XGBoost,0.95,1.645,12.2873454455559,53.47773322982662,449.8311578873609,576.1442579732966,16345.212598702425
6,24,2,56.62191780821918,20667.0,141.85,1045.33304948694,XGBoost,0.95,1.645,7.857114839759474,34.19621375654742,430.5496384140817,556.8627385000174,15798.195891245494
6,25,1,68.44931506849315,24984.0,56.06,1828.2478467328015,XGBoost,0.95,1.645,12.162205994735706,52.93309369013582,532.0782991695878,967.0570170565366,10842.64327523789
6,25,2,68.44931506849315,24984.0,56.06,1828.2478467328015,XGBoost,0.95,1.645,8.792000783299917,38.265081300843015,517.4102867802951,952.3890046672437,10678.185520329138
6,26,1,40.28767123287671,14705.0,390.5,531.4380269047944,XGBoost,0.95,1.645,11.107239066262483,48.34160236947912,330.3553009996161,314.0606158218763,24528.13409568854
6,26,2,40.28767123287671,14705.0,390.5,531.4380269047944,XGBoost,0.95,1.645,6.970406890894986,30.337029415043265,312.35072804518023,296.05604286744045,23121.976947947103
6,27,1,18.827397260273973,6872.0,1639.41,177.30803515524286,XGBoost,0.95,1.645,5.6144968831442155,24.435755295304595,156.2275361172224,113.08977287292603,37080.10090912074
6,27,2,18.827397260273973,6872.0,1639.41,177.30803515524286,XGBoost,0.95,1.645,4.075253525498597,17.736566603923997,149.5283474258418,106.39058418154542,34883.55752261348
6,28,1,74.25753424657535,27104.0,43.52,2161.239431981783,XGBoost,0.95,1.645,14.792270808798794,64.37982196247309,584.1825616885005,1144.9995379533646,9966.075978346085
6,28,2,74.25753424657535,27104.0,43.52,2161.239431981783,XGBoost,0.95,1.645,9.16616959491414,39.89356159213846,559.6963013181659,1120.51327758303,9752.947568082694
6,29,1,59.26027397260274,21630.0,119.82,1163.5746038772857,XGBoost,0.95,1.645,11.588377458323452,50.435642183959175,465.25755999217836,632.222944122602,15150.590632954034
6,29,2,59.26027397260274,21630.0,119.82,1163.5746038772857,XGBoost,0.95,1.645,7.697196980367099,33.50020950883065,448.3221273170498,615.2875114474734,14744.749924327252
6,30,1,33.62191780821918,12272.0,595.5,393.1401708737736,XGBoost,0.95,1.645,7.477406644619604,32.543624622886085,267.89704928042033,229.1137100597729,27287.442868118953
6,30,2,33.62191780821918,12272.0,595.5,393.1401708737736,XGBoost,0.95,1.645,5.257047199627077,22.880041011620218,258.2334656691545,219.45012644850704,26136.51006001719
6,31,1,50.43013698630137,18407.0,198.8,833.324111283647,XGBoost,0.95,1.645,9.573863529226545,41.66795196434557,394.67891086845515,458.33000760616903,18223.201102421284
6,31,2,50.43013698630137,18407.0,198.8,833.324111283647,XGBoost,0.95,1.645,6.85333892015831,29.827519062579185,382.8384779666888,446.4895747044027,17752.425490247053
6,32,1,37.413698630136984,13656.0,462.3,470.6850875636168,XGBoost,0.95,1.645,10.155245020842642,44.19827590218597,306.09416631314485,279.54081968399436,25846.344187982122
6,32,2,37.413698630136984,13656.0,462.3,470.6850875636168,XGBoost,0.95,1.645,6.92621100587788,30.14467739244625,292.0405678034051,265.4872211742546,24546.948469771585
6,33,1,58.95068493150685,21517.0,130.37,1112.5836125912156,XGBoost,0.95,1.645,11.930079783100838,51.922819853816726,464.5776143743647,608.2146261494245,15858.588162220094
6,33,2,58.95068493150685,21517.0,130.37,1112.5836125912156,XGBoost,0.95,1.645,7.688053575489216,33.460415025226496,446.11520954577446,589.7522213208342,15377.199418719432
6,34,1,21.77260273972603,7947.0,1384.8,207.46207187137762,XGBoost,0.95,1.645,5.99803877804995,26.105029690584942,178.51324886866712,129.83606562627375,35959.39673585277
6,34,2,21.77260273972603,7947.0,1384.8,207.46207187137762,XGBoost,0.95,1.645,4.193868640251205,18.252810530805657,170.66102970888784,121.98384646649447,33784.64611736031
6,35,1,55.62739726027397,20304.0,167.93,952.2638328906899,XGBoost,0.95,1.645,11.150300110157746,48.52901526742622,437.920796089344,524.6609317127711,17621.262052505135
6,35,2,55.62739726027397,20304.0,167.93,952.2638328906899,XGBoost,0.95,1.645,6.788248871405769,29.544230187978222,418.936011009896,505.6761466333231,16983.639060826794
6,36,1,65.04109589041096,23740.0,78.57,1505.3677661930112,XGBoost,0.95,1.645,12.016924480116439,52.30079063359204,507.5884618664688,804.9846737300976,12649.529162994753
6,36,2,65.04109589041096,23740.0,78.57,1505.3677661930112,XGBoost,0.95,1.645,7.788534569075536,33.89773452547873,489.18540575835544,786.5816176219844,12360.343539311862
6,37,1,24.742465753424657,9031.0,1169.73,240.63330648966053,XGBoost,0.95,1.645,6.0244267073650075,26.219876843751663,199.41713711772428,146.5365300885819,34281.63506810339
6,37,2,24.742465753424657,9031.0,1169.73,240.63330648966053,XGBoost,0.95,1.645,4.135529916327805,17.998905183327004,191.1961654572996,138.31555842815726,32358.371632033683
6,38,1,68.36438356164383,24953.0,66.37,1679.2142311006635,XGBoost,0.95,1.645,13.48766933462811,58.70185596761521,537.2525408991221,898.3089715179469,11924.153287929228
6,38,2,68.36438356164383,24953.0,66.37,1679.2142311006635,XGBoost,0.95,1.645,9.483979105663051,41.2767515015488,519.8274364330557,880.8838670518805,11692.852451246663
6,39,1,36.794520547945204,13430.0,503.01,447.4869025365887,XGBoost,0.95,1.645,8.109933566670264,35.29654681816324,292.8581906537797,259.03999808645756,26059.941887493806
6,39,2,36.794520547945204,13430.0,503.01,447.4869025365887,XGBoost,0.95,1.645,4.84070930105323,21.068029851679114,278.62967368729556,244.81148111997345,24628.52462363157
6,40,1,24.843835616438355,9068.0,1272.73,231.16295997637963,XGBoost,0.95,1.645,7.928995395920797,34.5090566910803,208.4159060061488,150.09053667927012,38204.94574956149
6,40,2,24.843835616438355,9068.0,1272.73,231.16295997637963,XGBoost,0.95,1.645,5.205772127143738,22.656878518162706,196.56372783323118,138.2383585063525,35188.02120435801
6,41,1,18.293150684931508,6677.0,2111.73,153.99340607756508,XGBoost,0.95,1.645,5.4586137805453925,23.757311361848437,151.80936615636898,100.75401440063098,42553.05496604889
6,41,2,18.293150684931508,6677.0,2111.73,153.99340607756508,XGBoost,0.95,1.645,3.828399826835072,16.662194901556127,144.71424969607668,93.65889794033868,39556.46090951028
6,42,1,30.87945205479452,11271.0,704.99,346.27439424949205,XGBoost,0.95,1.645,9.011167886539877,39.218953716309244,255.3751180998709,212.35615084105527,29941.792556287113
6,42,2,30.87945205479452,11271.0,704.99,346.27439424949205,XGBoost,0.95,1.645,6.097529563945781,26.538039548616357,242.694203932178,199.67523667336238,28153.80902047075
6,43,1,43.61095890410959,15918.0,358.9,576.7507297705732,XGBoost,0.95,1.645,10.065623189168937,43.80821830780554,349.08493063657266,332.18358319309215,23844.137601600156
6,43,2,43.61095890410959,15918.0,358.9,576.7507297705732,XGBoost,0.95,1.645,7.021182263108488,30.5580170825513,335.83472941131845,318.93338196783793,22893.03815765141
6,44,1,24.7013698630137,9016.0,908.1,272.8793961619055,XGBoost,0.95,1.645,7.452861900080549,32.43679949076378,205.34638853185967,168.87649757171653,30671.349488975156
6,44,2,24.7013698630137,9016.0,908.1,272.8793961619055,XGBoost,0.95,1.645,5.0555555685184554,22.003096862518696,194.9126859036146,158.44279494347145,28776.380417633285
6,45,1,68.81369863013698,25117.0,61.0,1757.3149227457548,XGBoost,0.95,1.645,13.49836305129258,58.748397812601326,540.4442882235602,937.4058591854787,11436.35148206284
6,45,2,68.81369863013698,25117.0,61.0,1757.3149227457548,XGBoost,0.95,1.645,9.199358978950691,40.03801045079824,521.7339008617571,918.6954718236756,11208.084756248843
6,46,1,49.1945205479452,17956.0,216.31,789.0365685353637,XGBoost,0.95,1.645,10.50324728527301,45.712872553109776,390.0745163887262,440.2311568207916,19045.280306381086
6,46,2,49.1945205479452,17956.0,216.31,789.0365685353637,XGBoost,0.95,1.645,7.013670545076535,30.525324125818667,374.88696796143506,425.0436083935005,18388.236586319617
6,47,1,18.873972602739727,6889.0,1940.83,163.1604805562866,XGBoost,0.95,1.645,5.552253624050434,24.164856392045053,156.28266461122314,105.74509667018835,41046.65119408033
6,47,2,18.873972602739727,6889.0,1940.83,163.1604805562866,XGBoost,0.95,1.645,3.909001355847292,17.012993785296356,149.13080200447442,98.59323406343965,38270.54129346912
6,48,1,43.726027397260275,15960.0,329.86,602.3962336674665,XGBoost,0.95,1.645,10.009694297685138,43.564801179845475,349.6469929606674,344.7629180135787,22744.699227191817
6,48,2,43.726027397260275,15960.0,329.86,602.3962336674665,XGBoost,0.95,1.645,6.413396270264754,27.912773866256902,333.9949656470788,329.11089069999014,21712.103681259752
6,49,1,24.542465753424658,8958.0,988.06,260.7621191438625,XGBoost,0.95,1.645,7.257556155959383,31.58677793577104,203.38403820974364,161.96783750770228,32006.788305572063
6,49,2,24.542465753424658,8958.0,988.06,260.7621191438625,XGBoost,0.95,1.645,5.091863705914877,22.16111934950428,193.95837962347687,152.54217892143552,30144.165061022715
6,50,1,56.52054794520548,20630.0,154.34,1001.2464694961486,XGBoost,0.95,1.645,12.16538269322519,52.946919510783985,448.59075512722234,553.5701542588583,17087.60352166244
6,50,2,56.52054794520548,20630.0,154.34,1001.2464694961486,XGBoost,0.95,1.645,7.042546755494547,30.65100092755465,426.29483654399303,531.2742356756289,16399.373106835315
7,1,1,17.027397260273972,6215.0,2297.68,142.43162402367747,XGBoost,0.95,1.645,6.3128635008612735,27.475229024139722,146.6670098460575,98.69104103597846,45352.0862335094
7,1,2,17.027397260273972,6215.0,2297.68,142.43162402367747,XGBoost,0.95,1.645,4.132418221384602,17.98536227507212,137.17714309698994,89.20117428691086,40991.150827109865
7,2,1,45.487671232876714,16603.0,235.35,727.3891427192362,XGBoost,0.95,1.645,9.83652208589485,42.81111053234361,361.2248091624806,406.50568189196173,19134.22244665464
7,2,2,45.487671232876714,16603.0,235.35,727.3891427192362,XGBoost,0.95,1.645,6.888367898247654,29.97997431451913,348.39367294465615,393.6745456741373,18530.260864881642
7,3,1,28.5013698630137,10403.0,767.06,318.9299192297865,XGBoost,0.95,1.645,8.098444696227173,35.246544256471616,234.75613329756752,194.71150387136487,29871.081231913828
7,3,2,28.5013698630137,10403.0,767.06,318.9299192297865,XGBoost,0.95,1.645,5.971590177610982,25.989918480857458,225.49950752195335,185.4548780957507,28451.003758425308
7,4,1,16.778082191780822,6124.0,1783.76,160.46488613826227,XGBoost,0.95,1.645,5.89000749121222,25.63484934418046,143.08142468664622,105.86729241331159,37768.368303033734
7,4,2,16.778082191780822,6124.0,1783.76,160.46488613826227,XGBoost,0.95,1.645,4.157727781625301,18.095516084673516,135.54209142713927,98.32795915380466,35078.69608403812
7,5,1,14.263013698630138,5206.0,2500.0,124.97199686329733,XGBoost,0.95,1.645,5.217120553573665,22.70626983086625,122.54736572127722,85.19226826251492,42596.13413125746
7,5,2,14.263013698630138,5206.0,2500.0,124.97199686329733,XGBoost,0.95,1.645,4.114176620877461,17.90597007030923,117.74706596072019,80.3919685019579,40195.98425097895
7,6,1,45.74246575342466,16696.0,278.63,670.3828759011338,XGBoost,0.95,1.645,9.208493088415088,40.07776447833766,360.2750247523103,375.2692024289046,20912.251574553135
7,6,2,45.74246575342466,16696.0,278.63,670.3828759011338,XGBoost,0.95,1.645,6.270198106100963,27.28953809445545,347.4867983684281,362.4809760450224,20199.614871084916
7,7,1,45.61369863013699,16649.0,256.08,698.2916964606048,XGBoost,0.95,1.645,9.612437197569083,41.83583463310085,361.13172504405975,390.98168286340325,20024.51786953206
7,7,2,45.61369863013699,16649.0,256.08,698.2916964606048,XGBoost,0.95,1.645,5.93911102904049,25.848560752251167,345.1444511632101,374.9944089825536,19205.713650450463
7,8,1,60.26849315068493,21998.0,85.49,1389.199351843527,XGBoost,0.95,1.645,12.338589979231228,53.70076281042389,475.5802148652184,748.3004387321873,12794.440901442938
7,8,2,60.26849315068493,21998.0,85.49,1389.199351843527,XGBoost,0.95,1.645,7.902425847031064,34.39341908213883,456.27287113693336,728.9930950039023,12464.323938376721
7,9,1,40.21369863013699,14678.0,303.16,602.5986080839426,XGBoost,0.95,1.645,9.365539501177322,40.7612714411404,322.25716185209933,342.06057548311173,20739.81681269203
7,9,2,40.21369863013699,14678.0,303.16,602.5986080839426,XGBoost,0.95,1.645,6.0307597795700545,26.247440026329006,307.7433304372879,327.5467440683003,19859.814186349187
7,10,1,57.43561643835616,20964.0,93.02,1300.1083262013574,XGBoost,0.95,1.645,11.461869938802645,49.88504845234502,451.93436352083813,699.9392115530237,13021.669091732452
7,10,2,57.43561643835616,20964.0,93.02,1300.1083262013574,XGBoost,0.95,1.645,7.4790771714818165,32.550895191642084,434.6002102601352,682.6050582923208,12699.184504470335
7,11,1,53.88219178082192,19667.0,101.21,1207.2243263179992,XGBoost,0.95,1.645,12.175079503532759,52.98912255920531,430.16446502495876,656.6012857182048,13290.923225507902
7,11,2,53.88219178082192,19667.0,101.21,1207.2243263179992,XGBoost,0.95,1.645,7.716521301055668,33.58431399431206,410.7596564600655,637.1964771533117,12898.131090537336
7,12,1,53.843835616438355,19653.0,110.12,1156.9429857537407,XGBoost,0.95,1.645,10.178172639525274,44.298062880662144,421.2049121957306,622.7695557575325,13715.876696003897
7,12,2,53.843835616438355,19653.0,110.12,1156.9429857537407,XGBoost,0.95,1.645,6.769284658526414,29.461692985637043,406.36854230070554,607.9331858625073,13389.120485435862
7,13,1,66.05753424657534,24111.0,47.35,1954.2415894852707,XGBoost,0.95,1.645,12.240639431942228,53.27445647266797,515.6771961986954,1030.3952512153032,9757.843029008922
7,13,2,66.05753424657534,24111.0,47.35,1954.2415894852707,XGBoost,0.95,1.645,8.070054073917833,35.12298086087776,497.52572058690515,1012.2437756035131,9585.948554965269
7,14,1,45.38630136986301,16566.0,182.71,824.6284259829959,XGBoost,0.95,1.645,10.134122063838477,44.106343282182806,361.8104528712239,456.42055627368075,16678.519967352844
7,14,2,45.38630136986301,16566.0,182.71,824.6284259829959,XGBoost,0.95,1.645,6.482903634873033,28.215288051969345,345.91939764101045,440.5295010434673,16097.829027130383
7,15,1,68.5068493150685,25005.0,40.0,2165.2800049878074,XGBoost,0.95,1.645,10.933206190824563,47.58416588922985,527.1321110947093,1130.2241683831335,9041.793347065068
7,15,2,68.5068493150685,25005.0,40.0,2165.2800049878074,XGBoost,0.95,1.645,8.093118077245055,35.223361420910855,514.7713066263902,1117.8633639148145,8942.906911318516
7,16,1,19.660273972602738,7176.0,1506.73,188.99665987700664,XGBoost,0.95,1.645,6.293078960998707,27.389121544738806,165.01103935295797,121.88745148324213,36730.29595466908
7,16,2,19.660273972602738,7176.0,1506.73,188.99665987700664,XGBoost,0.95,1.645,4.444446247798706,19.343389656229373,156.96530746444853,113.8417195947327,34305.74683299432
7,17,1,25.493150684931507,9305.0,834.61,289.16586747205923,XGBoost,0.95,1.645,8.174897776427581,35.57928800862475,214.03134280314532,180.16222174465437,30073.038378061203
7,17,2,25.493150684931507,9305.0,834.61,289.16586747205923,XGBoost,0.95,1.645,5.541273570535923,24.11706833438036,202.5691231289009,168.70000207040997,28159.741745596977
7,18,1,64.93972602739726,23703.0,51.52,1857.5664680516315,XGBoost,0.95,1.645,12.705054841990403,55.29571350629028,509.8737956980711,984.0789475321061,10139.949475370824
7,18,2,64.93972602739726,23703.0,51.52,1857.5664680516315,XGBoost,0.95,1.645,7.69766417248773,33.50224285083319,488.080325042614,962.285476876649,9915.389553736994
7,19,1,31.575342465753426,11525.0,547.3,397.4096189854949,XGBoost,0.95,1.645,9.221772570684942,40.13556024988198,261.16295751015593,238.84036974262943,26143.466872028217
7,19,2,31.575342465753426,11525.0,547.3,397.4096189854949,XGBoost,0.95,1.645,5.892827562681918,25.647123030992134,246.6745202912661,224.35193252373958,24557.56253404853
7,20,1,37.106849315068494,13544.0,424.89,488.9515748924905,XGBoost,0.95,1.645,9.38258213857973,40.83544544565399,300.58339065113347,285.31123289189924,24245.177948687815
7,20,2,37.106849315068494,13544.0,424.89,488.9515748924905,XGBoost,0.95,1.645,6.561992878881398,28.559505076807508,288.307450282287,273.03529252305276,23201.99308802398
7,21,1,31.424657534246574,11470.0,647.93,364.37476855134634,XGBoost,0.95,1.645,8.002828871558098,34.830399240702405,254.80300198042843,217.01778351637557,28122.46649475304
7,21,2,31.424657534246574,11470.0,647.93,364.37476855134634,XGBoost,0.95,1.645,5.399426935590846,23.499714770361773,243.4723175100878,205.68709904603494,26654.168416979483
7,22,1,62.40547945205479,22778.0,72.21,1538.118350396194,XGBoost,0.95,1.645,14.748747790749105,64.19039843247378,501.0287545968573,833.2495736305708,12033.790342372704
7,22,2,62.40547945205479,22778.0,72.21,1538.118350396194,XGBoost,0.95,1.645,10.037640022364542,43.68642826487707,480.5247844292606,812.7456034629741,11737.672005212273
7,23,1,22.81917808219178,8329.0,1075.06,241.05198442803993,XGBoost,0.95,1.645,7.298389104212211,31.764493580157172,191.49874015549963,152.29048579417713,32744.281931577614
7,23,2,22.81917808219178,8329.0,1075.06,241.05198442803993,XGBoost,0.95,1.645,4.772161032524545,20.76968990233966,180.50393647768212,141.29568211635961,30380.267203202715
7,24,1,50.6958904109589,18504.0,141.85,989.1195174546189,XGBoost,0.95,1.645,12.21262104369117,53.15251313681412,408.0237460135264,547.7122718641235,15538.597152785185
7,24,2,50.6958904109589,18504.0,141.85,989.1195174546189,XGBoost,0.95,1.645,7.5446409298192485,32.836245773950495,387.70747865066284,527.3960045012599,14962.224647700743
7,25,1,63.320547945205476,23112.0,56.06,1758.4209502607985,XGBoost,0.95,1.645,13.047759490097103,56.78725354878988,500.0310891652282,935.9977286791891,10494.406533951069
7,25,2,63.320547945205476,23112.0,56.06,1758.4209502607985,XGBoost,0.95,1.645,8.727577729957197,37.98469536428916,481.2285309807275,917.1951704946883,10283.592251586448
7,26,1,36.45479452054794,13306.0,390.5,505.5264367301027,XGBoost,0.95,1.645,7.660770876071889,33.34167359912318,288.5252352429588,286.10489196417456,22344.792062402033
7,26,2,36.45479452054794,13306.0,390.5,505.5264367301027,XGBoost,0.95,1.645,5.650273428825087,24.59146415644826,279.77502580028386,277.3546825214996,21661.400704929125
7,27,1,17.33150684931507,6326.0,1639.41,170.11845724197968,XGBoost,0.95,1.645,6.116200398129646,26.61929989033029,147.93984783553577,111.67852851132014,36617.379285348674
7,27,2,17.33150684931507,6326.0,1639.41,170.11845724197968,XGBoost,0.95,1.645,4.249715484450477,18.495870567576784,139.81641851278226,103.55509918856663,33953.85303214561
7,28,1,67.71780821917808,24717.0,43.52,2063.8782159907537,XGBoost,0.95,1.645,13.647230283465504,59.39630684747636,533.4209643817229,1091.3354148428532,9498.983450792195
7,28,2,67.71780821917808,24717.0,43.52,2063.8782159907537,XGBoost,0.95,1.645,8.156323005644628,35.49844575989517,509.5231032941417,1067.4375537552721,9290.97646788589
7,29,1,54.44931506849315,19874.0,119.82,1115.3434388024702,XGBoost,0.95,1.645,11.410571706948232,49.66178516326217,430.8069906427142,607.3335045644973,14554.140103383612
7,29,2,54.44931506849315,19874.0,119.82,1115.3434388024702,XGBoost,0.95,1.645,7.999608385807133,34.81638284646789,415.96158832591993,592.488102247703,14198.384882263952
7,30,1,31.33150684931507,11436.0,595.5,379.5131443049791,XGBoost,0.95,1.645,7.426169491133149,32.320627162796335,251.64117510800182,222.0771993152859,26449.394438450552
7,30,2,31.33150684931507,11436.0,595.5,379.5131443049791,XGBoost,0.95,1.645,5.261097762419096,22.89767011771006,242.21821806291553,212.6542422701996,25327.120254380774
7,31,1,45.97260273972603,16780.0,198.8,795.6433181636295,XGBoost,0.95,1.645,10.562279747475324,45.969797230579225,367.7780164086614,443.79145631239396,17645.148302980786
7,31,2,45.97260273972603,16780.0,198.8,795.6433181636295,XGBoost,0.95,1.645,6.764653095280355,29.44153521398431,351.2497543920665,427.26319429579905,16987.984605200974
7,32,1,33.66849315068493,12289.0,462.3,446.5056483012928,XGBoost,0.95,1.645,8.955696017675729,38.97752567003016,274.6569777248247,262.23034982067657,24245.818144419758
7,32,2,33.66849315068493,12289.0,462.3,446.5056483012928,XGBoost,0.95,1.645,6.093305185252142,26.519653950372923,262.19910600516744,249.77247810101932,23093.963325220247
7,33,1,54.21643835616438,19789.0,130.37,1066.9737211780036,XGBoost,0.95,1.645,11.473207744081153,49.93439353902646,429.44946203217717,583.4212541280283,15212.12578013421
7,33,2,54.21643835616438,19789.0,130.37,1066.9737211780036,XGBoost,0.95,1.645,7.800497347754732,33.949799659459714,413.4648681526104,567.4366602484615,14795.343479318386
7,34,1,20.202739726027396,7374.0,1384.8,199.84287588835275,XGBoost,0.95,1.645,5.474466204095172,23.826305245140613,165.24548332733238,123.74774318931699,34273.174953713235
7,34,2,20.202739726027396,7374.0,1384.8,199.84287588835275,XGBoost,0.95,1.645,4.101151720533024,17.849282305726458,159.26846038791822,117.77072024990284,32617.77868041309
7,35,1,51.59452054794521,18832.0,167.93,917.095812525341,XGBoost,0.95,1.645,10.607418141889422,46.16625129997896,407.32789513559544,504.71415756264946,16951.32969589915
7,35,2,51.59452054794521,18832.0,167.93,917.095812525341,XGBoost,0.95,1.645,7.319670396111942,31.85711531493647,393.01875915055297,490.405021577607,16470.743054705512
7,36,1,59.37808219178082,21673.0,78.57,1438.3407032472498,XGBoost,0.95,1.645,12.87836346670284,56.04999785842038,471.6965732008861,775.2203494820453,12181.81257176086
7,36,2,59.37808219178082,21673.0,78.57,1438.3407032472498,XGBoost,0.95,1.645,8.180034116209107,35.601642699459426,451.24821804192516,754.7719943230843,11860.487118792946
7,37,1,22.794520547945204,8320.0,1169.73,230.96675922420806,XGBoost,0.95,1.645,6.25309288021231,27.215091688519973,186.7767355241364,142.698471300624,33383.73656689579
7,37,2,22.794520547945204,8320.0,1169.73,230.96675922420806,XGBoost,0.95,1.645,4.547810383802451,19.793257344513425,179.35490118012984,135.27663695661747,31647.428109452834
7,38,1,61.50410958904109,22449.0,66.37,1592.7338966795623,XGBoost,0.95,1.645,14.31651958121298,62.30922849333623,492.83799561662386,858.6761768331174,11398.067571282802
7,38,2,61.50410958904109,22449.0,66.37,1592.7338966795623,XGBoost,0.95,1.645,9.353243906927458,40.70775780696206,471.2365249302497,837.0747061467432,11111.32964939187
7,39,1,34.23287671232877,12495.0,503.01,431.62883732631417,XGBoost,0.95,1.645,9.115669869599499,39.6737736118524,279.3039105981538,255.48819227500948,25702.623119250504
7,39,2,34.23287671232877,12495.0,503.01,431.62883732631417,XGBoost,0.95,1.645,5.916523670874298,25.750254676318793,265.3803916626202,241.5646733394759,24301.889267297953
7,40,1,22.876712328767123,8350.0,1272.73,221.82256806518146,XGBoost,0.95,1.645,7.001492912946028,30.47232389356087,190.60931019493074,141.3836079261516,35988.63186317019
7,40,2,22.876712328767123,8350.0,1272.73,221.82256806518146,XGBoost,0.95,1.645,4.766689121496185,20.74587471788598,180.88286101925584,131.6571587504767,33512.803131298846
7,41,1,17.123287671232877,6250.0,2111.73,148.9880532580989,XGBoost,0.95,1.645,6.36412056596334,27.69831314477569,147.56132684340582,102.19233977382513,43160.52593411595
7,41,2,17.123287671232877,6250.0,2111.73,148.9880532580989,XGBoost,0.95,1.645,4.366402230663789,19.00372173145115,138.8667354300813,93.4977483605006,39488.40002906398
7,42,1,28.052054794520547,10239.0,704.99,330.0410231771428,XGBoost,0.95,1.645,8.696809526420811,37.850784114868326,234.21516767651215,202.87129570343973,28604.4469515936
7,42,2,28.052054794520547,10239.0,704.99,330.0410231771428,XGBoost,0.95,1.645,5.7878305194144115,25.190148504259742,221.55453206590357,190.21066009283115,26819.32265176901
7,43,1,39.92328767123288,14572.0,358.9,551.8276833782971,XGBoost,0.95,1.645,10.062394927976856,43.79416807282263,323.2571817714528,319.7080097619712,22948.640940714293
7,43,2,39.92328767123288,14572.0,358.9,551.8276833782971,XGBoost,0.95,1.645,6.756239699732021,29.404917921446675,308.86793162007683,305.31875961059524,21915.780564848526
7,44,1,22.846575342465755,8339.0,908.1,262.4344113947515,XGBoost,0.95,1.645,6.606870708874515,28.754825101864142,188.6808524991244,159.97203079923992,29054.120233757956
7,44,2,22.846575342465755,8339.0,908.1,262.4344113947515,XGBoost,0.95,1.645,4.62689211238808,20.137441660271016,180.06346905753128,151.35464735764677,27489.03105309581
7,45,1,62.706849315068496,22888.0,61.0,1677.5274545162406,XGBoost,0.95,1.645,12.73435823269717,55.423249508097136,494.3711947135766,894.1869767662174,10909.081116547854
7,45,2,62.706849315068496,22888.0,61.0,1677.5274545162406,XGBoost,0.95,1.645,8.416281826730248,36.62985437425826,475.57779957973776,875.3935816323785,10679.801695915019
7,46,1,45.534246575342465,16620.0,216.31,759.1154713417335,XGBoost,0.95,1.645,10.933643183898683,47.58606779710284,366.32579382450007,427.1438034679696,18479.0952256313
7,46,2,45.534246575342465,16620.0,216.31,759.1154713417335,XGBoost,0.95,1.645,7.2904693670206235,31.730024817586884,350.4697508449841,411.2877604884536,17793.13109425148
7,47,1,17.438356164383563,6365.0,1940.83,156.8325079363876,XGBoost,0.95,1.645,5.09549279488672,22.176914091563372,144.24540724224832,100.59316805975718,39046.84767308371
7,47,2,17.438356164383563,6365.0,1940.83,156.8325079363876,XGBoost,0.95,1.645,3.8526221982845517,16.767616981883293,138.83611013256825,95.1838709500771,36947.14245120763
7,48,1,39.95342465753425,14583.0,329.86,575.8233108313631,XGBoost,0.95,1.645,9.849391414087599,42.86712120633241,322.54109380907215,330.77877662201394,21822.137451307506
7,48,2,39.95342465753425,14583.0,329.86,575.8233108313631,XGBoost,0.95,1.645,6.590425715392169,28.683252199619968,308.3572248023597,316.5949076153015,20886.399245196673
7,49,1,22.975342465753425,8386.0,988.06,252.29950691951512,XGBoost,0.95,1.645,7.392807806395545,32.17542840653117,193.00282566680517,158.32518186628874,31286.95583896105
7,49,2,22.975342465753425,8386.0,988.06,252.29950691951512,XGBoost,0.95,1.645,5.022783331899795,21.860463538258138,182.6878607985321,148.0102169980157,29248.595001411875
7,50,1,50.586301369863016,18464.0,154.34,947.2274595097219,XGBoost,0.95,1.645,10.870584758682485,47.31162107819625,401.41573066723737,520.9253508330572,16079.923729514812
7,50,2,50.586301369863016,18464.0,154.34,947.2274595097219,XGBoost,0.95,1.645,7.0019625795527345,30.474368005172423,384.57847759421355,504.0880977600334,15560.191401656712
8,1,1,29.704109589041096,10842.0,2297.68,188.12242187263388,XGBoost,0.95,1.645,7.09790922292171,30.89195283023642,238.8207199535241,124.95316376655336,57420.477064626866
8,1,2,29.704109589041096,10842.0,2297.68,188.12242187263388,XGBoost,0.95,1.645,5.882789565696183,25.603435049129533,233.53220217241721,119.66464598544647,54990.21275756813
8,2,1,80.53698630136986,29396.0,235.35,967.8713839832831,XGBoost,0.95,1.645,15.19720266838932,66.14219106484678,629.9010951744358,550.0778830564883,25892.165955468903
8,2,2,80.53698630136986,29396.0,235.35,967.8713839832831,XGBoost,0.95,1.645,9.865882103189014,42.93889298783307,606.6977970974222,526.8745849794745,24799.98671498387
8,3,1,50.30958904109589,18363.0,767.06,423.72860254004445,XGBoost,0.95,1.645,10.80582097028513,47.02975217378456,399.1968754614558,258.8940534438068,39717.45452692129
8,3,2,50.30958904109589,18363.0,767.06,423.72860254004445,XGBoost,0.95,1.645,7.372989819319272,32.089175356129594,384.25629864380085,243.95347662615183,37425.390756171204
8,4,1,29.482191780821918,10761.0,1783.76,212.71040621603152,XGBoost,0.95,1.645,7.0717688027143835,30.77818290128333,237.15352536703676,137.1333860092991,48922.60972558947
8,4,2,29.482191780821918,10761.0,1783.76,212.71040621603152,XGBoost,0.95,1.645,4.753990842398692,20.69060849418758,227.065950959941,127.04581160220334,45323.847380709245
8,5,1,25.268493150684932,9223.0,2500.0,166.3400132259223,XGBoost,0.95,1.645,6.826111302113304,29.709017364979314,206.58846941977382,112.87902397794046,56439.51198897023
8,5,2,25.268493150684932,9223.0,2500.0,166.3400132259223,XGBoost,0.95,1.645,4.976204936485405,21.657742208799213,198.53719426359373,104.82774882176037,52413.874410880184
8,6,1,80.00821917808219,29203.0,278.63,886.6055150218323,XGBoost,0.95,1.645,15.505220057146715,67.48276310451979,627.5402973510951,510.7855206154359,28464.033921815782
8,6,2,80.00821917808219,29203.0,278.63,886.6055150218323,XGBoost,0.95,1.645,9.808997422748055,42.691316016959696,602.748850263535,485.99407352787586,27082.50574141441
8,7,1,79.62739726027397,29064.0,256.08,922.6149626250412,XGBoost,0.95,1.645,15.377927356604253,66.92875206024041,624.3205328821582,528.236233372761,27054.14692841933
8,7,2,79.62739726027397,29064.0,256.08,922.6149626250412,XGBoost,0.95,1.645,11.121727729395658,48.404660811624005,605.7964416335418,509.71214212414463,26105.41707103019
8,8,1,105.81095890410958,38621.0,85.49,1840.7072821693891,XGBoost,0.95,1.645,16.467054369214374,71.66891697965576,812.3456293084228,992.0225580643503,16961.60169778426
8,8,2,105.81095890410958,38621.0,85.49,1840.7072821693891,XGBoost,0.95,1.645,11.160855984251217,48.5749571855793,789.2516695143463,968.9285982702738,16566.741173225142
8,9,1,71.35342465753425,26044.0,303.16,802.6912444619509,XGBoost,0.95,1.645,13.631922534710776,59.32968353100155,558.8036561337414,460.675305761977,27931.66513896019
8,9,2,71.35342465753425,26044.0,303.16,802.6912444619509,XGBoost,0.95,1.645,9.589913167306836,41.73780417672913,541.2117767794689,443.08342640770456,26865.034309951945
8,10,1,100.40547945205479,36648.0,93.02,1718.9672538168636,XGBoost,0.95,1.645,15.960624027594127,69.4648000018546,772.3031561662381,928.9484269102863,17282.156534238966
8,10,2,100.40547945205479,36648.0,93.02,1718.9672538168636,XGBoost,0.95,1.645,9.615213675917218,41.847918591273746,744.6862747556572,901.3315454997055,16768.37207247652
8,11,1,94.58630136986301,34524.0,101.21,1599.482427896749,XGBoost,0.95,1.645,13.799546964180626,60.05922878239127,722.1633383714324,859.8004427307658,17404.08056175616
8,11,2,94.58630136986301,34524.0,101.21,1599.482427896749,XGBoost,0.95,1.645,9.71786980932895,42.29470486755474,704.3988144565958,842.0359188159292,17044.49106867204
8,12,1,95.2986301369863,34784.0,110.12,1539.1724865441638,XGBoost,0.95,1.645,15.980040106222024,69.54930384182823,736.6397148007323,839.1355471139101,18481.121289636758
8,12,2,95.2986301369863,34784.0,110.12,1539.1724865441638,XGBoost,0.95,1.645,11.031936573388528,48.013866273566656,715.1042772324708,817.6001095456486,18006.824812633364
8,13,1,115.67671232876712,42222.0,47.35,2586.0685976931577,XGBoost,0.95,1.645,18.110743895097933,78.82268264591309,888.559668947283,1371.856981492492,12991.4856147339
8,13,2,115.67671232876712,42222.0,47.35,2586.0685976931577,XGBoost,0.95,1.645,11.657114691973181,50.73480455880768,860.4717908601775,1343.7691034053864,12725.493409249011
8,14,1,79.53972602739726,29032.0,182.71,1091.661390212975,XGBoost,0.95,1.645,15.056653642832133,65.53048503543928,622.3085672272201,611.3611801419268,22340.360244746287
8,14,2,79.53972602739726,29032.0,182.71,1091.661390212975,XGBoost,0.95,1.645,8.897121253032136,38.72259301175262,595.5006752035335,584.5532881182401,21360.74625441673
8,15,1,120.75342465753425,44075.0,40.0,2874.7282480262375,XGBoost,0.95,1.645,17.40309323324579,75.74280233473274,921.0167749374725,1513.1069263478514,12104.855410782811
8,15,2,120.75342465753425,44075.0,40.0,2874.7282480262375,XGBoost,0.95,1.645,11.404126883904237,49.63373561187718,894.9077082146171,1486.997859624996,11895.982876999968
8,16,1,35.512328767123286,12962.0,1506.73,254.00889343255255,XGBoost,0.95,1.645,7.91501080745811,34.44819211341784,283.03449348328087,161.4526388296941,48653.106900773004
8,16,2,35.512328767123286,12962.0,1506.73,254.00889343255255,XGBoost,0.95,1.645,5.78935715317714,25.196792812704118,273.78309418256714,152.2012395289804,45865.234727100134
8,17,1,44.62465753424657,16288.0,834.61,382.58040277130806,XGBoost,0.95,1.645,9.283530927847135,40.40434873342109,352.7769514731471,231.69455011907513,38674.91769497626
8,17,2,44.62465753424657,16288.0,834.61,382.58040277130806,XGBoost,0.95,1.645,6.069222932921907,26.414841705010726,338.7874444447367,217.70504309066476,36339.76120277995
8,18,1,116.4876712328767,42518.0,51.52,2487.878221191355,XGBoost,0.95,1.645,17.12480186709031,74.53160570114176,889.9453043312787,1318.4707162968193,13585.52226072243
8,18,2,116.4876712328767,42518.0,51.52,2487.878221191355,XGBoost,0.95,1.645,11.884874757501874,51.72607578811593,867.139774418253,1295.6651863837933,13350.534080498608
8,19,1,55.298630136986304,20184.0,547.3,525.9222277659718,XGBoost,0.95,1.645,11.290896891032077,49.140929140433606,436.2313400993378,312.1020430234195,34162.6896293435
8,19,2,55.298630136986304,20184.0,547.3,525.9222277659718,XGBoost,0.95,1.645,7.7974864645718975,33.93669551028842,421.0271064691926,296.8978093932743,32498.434216187805
8,20,1,65.0,23725.0,424.89,647.1358914202434,XGBoost,0.95,1.645,10.92770404609603,47.56021911982484,502.56021911982486,371.12816482994657,31537.729190919203
8,20,2,65.0,23725.0,424.89,647.1358914202434,XGBoost,0.95,1.645,7.905223386907873,34.4055947055796,489.4055947055796,357.97354041570134,30419.87551744547
8,21,1,55.05205479452055,20094.0,647.93,482.28059301730525,XGBoost,0.95,1.645,12.862623586312882,55.981493792323015,441.3458773539669,297.12179030097565,38502.82431794223
8,21,2,55.05205479452055,20094.0,647.93,482.28059301730525,XGBoost,0.95,1.645,8.063453247926063,35.09425234396184,420.4586359056057,276.23454885261447,35796.13024761489
8,22,1,110.66575342465754,40393.0,72.21,2048.2596704536704,XGBoost,0.95,1.645,17.927043314154666,78.0231697889354,852.6834437615382,1102.1530050157705,15917.293698437757
8,22,2,110.66575342465754,40393.0,72.21,2048.2596704536704,XGBoost,0.95,1.645,10.68397931951347,46.49946552032313,821.159739492926,1070.6293007471584,15462.028361390461
8,23,1,40.07123287671233,14626.0,1075.06,319.4310026020098,XGBoost,0.95,1.645,10.459692158822554,45.523309278973024,326.02193941595937,205.23881057997792,44128.807140422214
8,23,2,40.07123287671233,14626.0,1075.06,319.4310026020098,XGBoost,0.95,1.645,7.760824712604785,33.777134000430785,314.2757641374171,193.49263530143568,41603.238501432286
8,24,1,90.04657534246576,32867.0,141.85,1318.2445789106368,XGBoost,0.95,1.645,14.994898798143165,65.26171183910007,695.5877392363603,724.3840012944185,20550.774116722652
8,24,2,90.04657534246576,32867.0,141.85,1318.2445789106368,XGBoost,0.95,1.645,9.992565403960006,43.49025176531053,673.8162791625708,702.6125412206289,19933.117794429243
8,25,1,110.27945205479452,40252.0,56.06,2320.5867970002114,XGBoost,0.95,1.645,17.50556528803088,76.18878745280324,848.1449518363648,1236.4821859529088,13863.438268904016
8,25,2,110.27945205479452,40252.0,56.06,2320.5867970002114,XGBoost,0.95,1.645,10.650953729525146,46.355729536096185,818.3118939196578,1206.6491280362018,13528.950023541896
8,26,1,65.40547945205479,23873.0,390.5,677.1324262382154,XGBoost,0.95,1.645,14.514515692599977,63.17095922860472,521.0093153929882,401.73717234771243,31375.673160356346
8,26,2,65.40547945205479,23873.0,390.5,677.1324262382154,XGBoost,0.95,1.645,8.800308881756022,38.30124031296255,496.13959647734606,376.86745343207025,29433.34811304469
8,27,1,30.583561643835615,11163.0,1639.41,225.98379841494486,XGBoost,0.95,1.645,7.183046278992905,31.262491511086715,245.34742301793602,144.25439071855914,47298.418137582616
8,27,2,30.583561643835615,11163.0,1639.41,225.98379841494486,XGBoost,0.95,1.645,4.966522352170484,21.615601075609547,235.70053258245883,134.60750028308198,44135.37640781749
8,28,1,120.16164383561645,43859.0,43.52,2749.258339160068,XGBoost,0.95,1.645,19.2762098113667,83.8950943913824,925.0266012406975,1458.5242639714163,12694.995193607208
8,28,2,120.16164383561645,43859.0,43.52,2749.258339160068,XGBoost,0.95,1.645,12.151132963092053,52.884900967394486,894.0164078167096,1427.5140705474284,12425.082470044817
8,29,1,95.23835616438356,34762.0,119.82,1475.0894322887257,XGBoost,0.95,1.645,15.631243138791707,68.03124843610532,734.6997415867903,805.5759645804682,19304.822415206338
8,29,2,95.23835616438356,34762.0,119.82,1475.0894322887257,XGBoost,0.95,1.645,10.037293877954424,43.68492175409285,710.3534149047779,781.2296378984557,18721.38704259859
8,30,1,55.2,20148.0,595.5,503.7391672429389,XGBoost,0.95,1.645,10.321723875175843,44.92283531169277,431.3228353116928,296.7924189331622,35347.97709493962
8,30,2,55.2,20148.0,595.5,503.7391672429389,XGBoost,0.95,1.645,6.4145175530716925,27.917653981582898,414.3176539815829,279.78723760305235,33322.65999852354
8,31,1,79.77534246575343,29118.0,198.8,1048.101186231309,XGBoost,0.95,1.645,10.926261118761346,47.55393912359489,605.9813363838689,571.6045322392494,22726.996201832557
8,31,2,79.77534246575343,29118.0,198.8,1048.101186231309,XGBoost,0.95,1.645,8.71468726327927,37.92859269009769,596.3559899503717,561.9791858057522,22344.29242763671
8,32,1,60.413698630136984,22051.0,462.3,598.1124321609741,XGBoost,0.95,1.645,12.62731153712137,54.95735435975103,477.8532447707099,354.0135704402381,32732.094722904418
8,32,2,60.413698630136984,22051.0,462.3,598.1124321609741,XGBoost,0.95,1.645,8.56381646345323,37.27196360605206,460.16785401701094,336.3281796865391,31096.903493817408
8,33,1,96.07123287671233,35066.0,130.37,1420.3157832464542,XGBoost,0.95,1.645,17.497945412118675,76.15562376475663,748.654253901743,786.3135153879837,20502.33860022629
8,33,2,96.07123287671233,35066.0,130.37,1420.3157832464542,XGBoost,0.95,1.645,11.307846493587217,49.21469823301847,721.7133283700048,759.3725898562456,19799.88090791175
8,34,1,35.31506849315068,12890.0,1384.8,264.2187070023292,XGBoost,0.95,1.645,8.39462094284242,36.53558055610867,283.74106000816346,168.64493405727328,46707.9009365024
8,34,2,35.31506849315068,12890.0,1384.8,264.2187070023292,XGBoost,0.95,1.645,6.055085683609606,26.353312707500514,273.5587921595553,158.46266620866513,43887.82003315189
8,35,1,89.53972602739726,32682.0,167.93,1208.1498394890004,XGBoost,0.95,1.645,14.983491473031515,65.21206418396662,691.9901463757475,669.2869839284668,22478.672642221492
8,35,2,89.53972602739726,32682.0,167.93,1208.1498394890004,XGBoost,0.95,1.645,11.248289713593946,48.95549158772476,675.7335737795056,653.030411332225,21932.67939500411
8,36,1,105.15616438356165,38382.0,78.57,1914.1063132010115,XGBoost,0.95,1.645,17.785266238501766,77.40611896510485,813.4992696500364,1034.4592755656106,16255.493056238003
8,36,2,105.15616438356165,38382.0,78.57,1914.1063132010115,XGBoost,0.95,1.645,10.883533267914304,47.36797636872595,783.4611270536575,1004.4211329692317,15783.473683478505
8,37,1,40.443835616438356,14762.0,1169.73,307.6524783694204,XGBoost,0.95,1.645,8.644177855522047,37.621717351161266,320.72856666622977,191.44795653587147,44788.48363974099
8,37,2,40.443835616438356,14762.0,1169.73,307.6524783694204,XGBoost,0.95,1.645,6.166063536439095,26.836317277879942,309.9431665929484,180.66255646259015,42265.28243419712
8,38,1,109.89041095890411,40110.0,66.37,2128.9774128601944,XGBoost,0.95,1.645,15.70716784893722,68.36169258392425,837.594569296253,1132.8503990140214,15037.456196512121
8,38,2,109.89041095890411,40110.0,66.37,2128.9774128601944,XGBoost,0.95,1.645,11.54409467232703,50.242911945627135,819.475788657956,1114.7316183757243,14796.947502319366
8,39,1,59.90684931506849,21866.0,503.01,570.9880170023945,XGBoost,0.95,1.645,13.292381668296743,57.85191309188028,477.1998582973597,343.3459215930775,34541.28640410678
8,39,2,59.90684931506849,21866.0,503.01,570.9880170023945,XGBoost,0.95,1.645,8.41390560363105,36.61951243135802,455.9674576368375,322.1135209325553,32405.264432856926
8,40,1,40.1013698630137,14637.0,1272.73,293.6895727991237,XGBoost,0.95,1.645,8.96297528411306,39.00920693677482,319.71879597787074,185.85399333633666,47308.39058779115
8,40,2,40.1013698630137,14637.0,1272.73,293.6895727991237,XGBoost,0.95,1.645,6.251692637016661,27.208997464799673,307.9185865058956,174.05378386436152,44304.694467537774
8,41,1,30.065753424657533,10974.0,2111.73,197.42125790690912,XGBoost,0.95,1.645,9.342349977687094,40.66034458460886,251.12061855721157,139.37097353806342,58862.77318990693
8,41,2,30.065753424657533,10974.0,2111.73,197.42125790690912,XGBoost,0.95,1.645,6.093753591418144,26.52160553099954,236.98187950360227,125.2322344844541,52891.33330557125
8,42,1,49.73698630136986,18154.0,704.99,439.46603852032973,XGBoost,0.95,1.645,10.384319420319287,45.19526745575424,393.3541715653432,264.9282867159191,37354.358570371165
8,42,2,49.73698630136986,18154.0,704.99,439.46603852032973,XGBoost,0.95,1.645,7.531758304103552,32.78017722567241,380.9390813352614,252.51319648583728,35603.85567811009
8,43,1,70.40821917808219,25699.0,358.9,732.827932769411,XGBoost,0.95,1.645,15.086955316954644,65.66236582713029,558.5199000737057,432.07633221183573,31014.43912616557
8,43,2,70.40821917808219,25699.0,358.9,732.827932769411,XGBoost,0.95,1.645,9.460687008514508,41.17537821769411,534.0329124642694,407.5893446023996,29256.763155560242
8,44,1,39.94794520547945,14581.0,908.1,347.02235190094535,XGBoost,0.95,1.645,8.597491828606334,37.418527581326806,317.05414401968295,210.92970353179948,38309.052755445424
8,44,2,39.94794520547945,14581.0,908.1,347.02235190094535,XGBoost,0.95,1.645,5.667996159383932,24.668598103819527,304.30421454217566,198.1797740542922,35993.41056374055
8,45,1,110.06849315068493,40175.0,61.0,2222.5096580955205,XGBoost,0.95,1.645,16.59776808486457,72.23781717424977,842.7172692290443,1183.49264622201,14438.610283908523
8,45,2,110.06849315068493,40175.0,61.0,2222.5096580955205,XGBoost,0.95,1.645,11.428482633281043,49.73973818774326,820.2191902425377,1160.9945672355036,14164.133720273145
8,46,1,79.76438356164384,29114.0,216.31,1004.7158923382035,XGBoost,0.95,1.645,13.160495367508153,57.277909500828656,615.6285944323355,559.6358556699304,24210.96638799253
8,46,2,79.76438356164384,29114.0,216.31,1004.7158923382035,XGBoost,0.95,1.645,8.769013418391173,38.16503429120261,596.5157192227094,540.5229804603043,23384.105180673687
8,47,1,30.232876712328768,11035.0,1940.83,206.5014246277088,XGBoost,0.95,1.645,8.28415413586535,36.05480019061425,247.68493717691564,139.30551250446865,54073.66356680958
8,47,2,30.232876712328768,11035.0,1940.83,206.5014246277088,XGBoost,0.95,1.645,5.947799315573319,25.886374442074217,237.5165114283756,129.1370867559286,50126.62641770178
8,48,1,70.71232876712328,25810.0,329.86,766.0547444279812,XGBoost,0.95,1.645,14.284178130499207,62.16847006172867,557.1547714315916,445.19584227571926,29370.460106613755
8,48,2,70.71232876712328,25810.0,329.86,766.0547444279812,XGBoost,0.95,1.645,9.370954458653957,40.784838748877405,535.7711401187404,423.812210962868,27959.73918164233
8,49,1,40.06575342465754,14624.0,988.06,333.17473573200186,XGBoost,0.95,1.645,9.815467721581411,42.71947644562678,323.17975041822956,209.3068443116277,41361.54411810938
8,49,2,40.06575342465754,14624.0,988.06,333.17473573200186,XGBoost,0.95,1.645,6.418444410549914,27.93474468987155,308.3950186624743,194.52211255587247,38439.903706391065
8,50,1,90.08767123287672,32882.0,154.34,1264.0681716664608,XGBoost,0.95,1.645,14.230119366367939,61.93319221593557,692.5468908460726,693.967278049166,21421.381938821658
8,50,2,90.08767123287672,32882.0,154.34,1264.0681716664608,XGBoost,0.95,1.645,9.274463524672381,40.3648850290583,670.9785836591954,672.3989708622887,20755.61143257713
9,1,1,26.167123287671235,9551.0,2297.68,176.56730253780322,XGBoost,0.95,1.645,6.807292118853129,29.62711136938,212.79697438307863,117.91076263828161,54184.24021974538
9,1,2,26.167123287671235,9551.0,2297.68,176.56730253780322,XGBoost,0.95,1.645,4.641431181973036,20.20071948444543,203.37058249814407,108.48437075334704,49852.47379851009
9,2,1,68.6054794520548,25041.0,235.35,893.3041765358782,XGBoost,0.95,1.645,12.682702065294233,55.19842839011932,535.4367845545029,501.85051665805844,23622.10381909481
9,2,2,68.6054794520548,25041.0,235.35,893.3041765358782,XGBoost,0.95,1.645,8.186560922556135,35.630049063569196,515.8684052279527,482.2821373315083,22701.020204194094
9,3,1,42.2,15403.0,767.06,388.0776406960307,XGBoost,0.95,1.645,8.320330674453414,36.21224992525086,331.6122499252509,230.2510702732662,35323.27719276232
9,3,2,42.2,15403.0,767.06,388.0776406960307,XGBoost,0.95,1.645,6.090445944837034,26.50720979009139,321.90720979009143,220.54603013810674,33834.40757554724
9,4,1,25.49041095890411,9304.0,1783.76,197.7867854633476,XGBoost,0.95,1.645,7.889798792621736,34.33846284686632,212.7713395591951,133.23185557854012,47530.730941355345
9,4,2,25.49041095890411,9304.0,1783.76,197.7867854633476,XGBoost,0.95,1.645,5.599255544431956,24.369421012661437,202.8022977249902,123.26281374433523,43974.255328919084
9,5,1,21.471232876712328,7837.0,2500.0,153.33297101406467,XGBoost,0.95,1.645,6.223760015000511,27.08742740597712,177.3860575429634,103.75391291300946,51876.956456504726
9,5,2,21.471232876712328,7837.0,2500.0,153.33297101406467,XGBoost,0.95,1.645,4.3427402353134985,18.900738554113534,169.19936869109983,95.56722406114586,47783.612030572935
9,6,1,68.26027397260275,24915.0,278.63,818.930676927124,XGBoost,0.95,1.645,11.568859464820642,50.350694783859645,528.1726125920788,459.8160332474216,25623.708268745817
9,6,2,68.26027397260275,24915.0,278.63,818.930676927124,XGBoost,0.95,1.645,7.893580072684588,34.35491996426116,512.1768377724803,443.82025842782315,24732.32772114887
9,7,1,68.7095890410959,25079.0,256.08,857.0337185616678,XGBoost,0.95,1.645,12.97254902435146,56.45991797895033,537.4270412666216,484.9767772597842,24838.570624137108
9,7,2,68.7095890410959,25079.0,256.08,857.0337185616678,XGBoost,0.95,1.645,8.88609743038802,38.674614459416226,519.6417377470875,467.1914737402501,23927.67851908065
9,8,1,90.34794520547945,32977.0,85.49,1700.8990762427552,XGBoost,0.95,1.645,15.758767344190135,68.58626704991903,701.0218834882752,919.0358051712966,15713.674196818829
9,8,2,90.34794520547945,32977.0,85.49,1700.8990762427552,XGBoost,0.95,1.645,9.61743123607777,41.85756999166878,674.293186430025,892.3071081130464,15256.666934516867
9,9,1,60.38630136986301,22041.0,303.16,738.431695943384,XGBoost,0.95,1.645,12.104197050603858,52.68062363035176,475.38473321939284,421.8964716020438,25580.42686617512
9,9,2,60.38630136986301,22041.0,303.16,738.431695943384,XGBoost,0.95,1.645,8.335545537367132,36.27846897831105,458.9825785673521,405.49431695000305,24585.93142531259
9,10,1,86.96438356164384,31742.0,93.02,1599.777586132328,XGBoost,0.95,1.645,15.924151321741626,69.30606127001114,678.056746201518,869.1948543361751,16170.5010700702
9,10,2,86.96438356164384,31742.0,93.02,1599.777586132328,XGBoost,0.95,1.645,9.85633896471693,42.897358759333784,651.6480436908406,842.7861518254978,15679.193568561559
9,11,1,81.83561643835617,29870.0,101.21,1487.7725124193555,XGBoost,0.95,1.645,13.292350217146325,57.85177620826785,630.7010912767611,801.7380324179456,16228.781252204057
9,11,2,81.83561643835617,29870.0,101.21,1487.7725124193555,XGBoost,0.95,1.645,9.03926584022997,39.34124334171294,612.1905584102061,783.2274995513907,15854.091045919251
9,12,1,82.08493150684932,29961.0,110.12,1428.4849942717026,XGBoost,0.95,1.645,14.95159813096419,65.07325603810294,639.6677765860481,779.3157531739542,17163.65014790317
9,12,2,82.08493150684932,29961.0,110.12,1428.4849942717026,XGBoost,0.95,1.645,10.110809380574658,44.004880402183375,618.5994009501286,758.2473775380347,16699.640242897676
9,13,1,99.55616438356165,36338.0,47.35,2399.1154652995533,XGBoost,0.95,1.645,17.331025043234224,75.42914276872868,772.3222934536602,1274.9868754185054,12074.125710213248
9,13,2,99.55616438356165,36338.0,47.35,2399.1154652995533,XGBoost,0.95,1.645,9.801980973597894,42.66077859961959,739.5539292845511,1242.2185112493962,11763.809301531783
9,14,1,68.6027397260274,25040.0,182.71,1013.8334945985232,XGBoost,0.95,1.645,12.535206035354252,54.5564871851179,534.7756652673097,561.4732344843795,20517.354934528197
9,14,2,68.6027397260274,25040.0,182.71,1013.8334945985232,XGBoost,0.95,1.645,7.92001888518429,34.46998857432321,514.689166656515,541.3867358735848,19783.35410229254
9,15,1,103.93424657534247,37936.0,40.0,2667.0208098175763,XGBoost,0.95,1.645,15.989586165468845,69.59085078230123,797.1305768096985,1403.1012556910894,11224.810045528715
9,15,2,103.93424657534247,37936.0,40.0,2667.0208098175763,XGBoost,0.95,1.645,10.452227626933198,45.490821688644154,773.0305477160414,1379.0012265974324,11032.009812779459
9,16,1,30.30958904109589,11063.0,1506.73,234.66556747960513,XGBoost,0.95,1.645,8.225987219960453,35.80164259645799,247.96876588412923,153.13442633626056,46146.44683872678
9,16,2,30.30958904109589,11063.0,1506.73,234.66556747960513,XGBoost,0.95,1.645,5.502079774632467,23.946486708684517,236.11360999635576,141.27927044848707,42573.94303256978
9,17,1,39.25205479452055,14327.0,834.61,358.81159609660347,XGBoost,0.95,1.645,11.321027836960587,49.272066878480196,324.03645044012404,228.67786492678192,38171.366569308295
9,17,2,39.25205479452055,14327.0,834.61,358.81159609660347,XGBoost,0.95,1.645,7.319344074949544,31.855695080098336,306.62007864174217,211.26149312840008,35264.190955978804
9,18,1,98.8,36062.0,51.52,2291.2243126616117,XGBoost,0.95,1.645,17.43952762393005,75.90137430896733,767.5013743089673,1221.5135306397733,12586.475419712227
9,18,2,98.8,36062.0,51.52,2291.2243126616117,XGBoost,0.95,1.645,11.224956597476593,48.853939778615675,740.4539397786157,1194.4660961094216,12307.778654311483
9,19,1,47.75616438356165,17431.0,547.3,488.7413218296609,XGBoost,0.95,1.645,10.909872707945928,47.48261248387998,381.77576316881147,291.8532733987104,31946.25930622284
9,19,2,47.75616438356165,17431.0,547.3,488.7413218296609,XGBoost,0.95,1.645,7.042572517460942,30.651113050353874,364.9442637352854,275.0217739651843,30103.88337822907
9,20,1,55.29041095890411,20181.0,424.89,596.8479657123436,XGBoost,0.95,1.645,11.03164020094802,48.01257638338001,435.0454530957088,346.4365592395518,29439.485931058636
9,20,2,55.29041095890411,20181.0,424.89,596.8479657123436,XGBoost,0.95,1.645,7.774297851038707,33.835772614127315,420.86864932645614,332.2597554702991,28234.769500355083
9,21,1,47.78356164383562,17441.0,647.93,449.3164080200881,XGBoost,0.95,1.645,9.722376552518098,42.31431938975341,376.7992508966027,266.97252339979747,34595.90141728615
9,21,2,47.78356164383562,17441.0,647.93,449.3164080200881,XGBoost,0.95,1.645,7.310668927654576,31.81793857566657,366.3028700825159,256.4761425857106,33235.71741311189
9,22,1,94.9013698630137,34639.0,72.21,1896.7698254318796,XGBoost,0.95,1.645,15.829946159519382,68.89605582526183,733.2056448663577,1017.2809685412016,14691.571747672033
9,22,2,94.9013698630137,34639.0,72.21,1896.7698254318796,XGBoost,0.95,1.645,10.066543667692942,43.81222447050103,708.121813511597,992.1971371864408,14329.311055246579
9,23,1,34.1013698630137,12447.0,1075.06,294.6772612477372,XGBoost,0.95,1.645,9.607807334525035,41.815684261170865,280.5252733022668,189.15431488503947,40670.447552062105
9,23,2,34.1013698630137,12447.0,1075.06,294.6772612477372,XGBoost,0.95,1.645,6.616755251051456,28.797845208361476,267.5074342494574,176.13647583223008,37871.455941639455
9,24,1,76.92602739726027,28078.0,141.85,1218.4256875783863,XGBoost,0.95,1.645,10.903668669046134,47.455610887912755,585.9378026687347,656.6684546771058,18629.684059189494
9,24,2,76.92602739726027,28078.0,141.85,1218.4256875783863,XGBoost,0.95,1.645,8.562115975076946,37.264562636969664,575.7467544177916,646.4774064261628,18340.56402031024
9,25,1,94.96438356164384,34662.0,56.06,2153.4306689776363,XGBoost,0.95,1.645,16.347088587983862,71.14679459986432,735.8974795313711,1147.8621290886824,12869.83019134231
9,25,2,94.96438356164384,34662.0,56.06,2153.4306689776363,XGBoost,0.95,1.645,11.225468549508065,48.85616792742836,713.6068528589352,1125.5715024162464,12619.907685090957
9,26,1,55.227397260273975,20158.0,390.5,622.2198087468182,XGBoost,0.95,1.645,10.893196481050595,47.41003319349215,434.00181401541,358.51993756690126,28000.40712397499
9,26,2,55.227397260273975,20158.0,390.5,622.2198087468182,XGBoost,0.95,1.645,7.386041816410361,32.145981052823515,418.73776187474135,343.2558854262326,26808.28465178877
9,27,1,26.167123287671235,9551.0,1639.41,209.0312724634235,XGBoost,0.95,1.645,6.971137000160874,30.340207041058807,213.51007005475745,134.85584327277056,44216.803603962566
9,27,2,26.167123287671235,9551.0,1639.41,209.0312724634235,XGBoost,0.95,1.645,5.083668885857262,22.12545335453007,205.2953163682287,126.64108958624182,41523.33373571615
9,28,1,103.76164383561644,37873.0,43.52,2554.7654973252493,XGBoost,0.95,1.645,16.070348214471043,69.94234829091859,796.2738551402336,1347.3250969535432,11727.117643883641
9,28,2,103.76164383561644,37873.0,43.52,2554.7654973252493,XGBoost,0.95,1.645,10.397403736078232,45.25221381172283,771.5837206610379,1322.6349624743475,11512.214713376721
9,29,1,82.10958904109589,29970.0,119.82,1369.6491917139015,XGBoost,0.95,1.645,17.365564444493938,75.57946725457221,650.3465905422435,760.404063111523,18222.322968404536
9,29,2,82.10958904109589,29970.0,119.82,1369.6491917139015,XGBoost,0.95,1.645,11.273010035251497,49.06308087727599,623.8302041649472,733.8876767342267,17586.88428525901
9,30,1,47.602739726027394,17375.0,595.5,467.7913160429972,XGBoost,0.95,1.645,10.742390277643509,46.75368524991545,379.97286333210724,280.64934327141407,33425.33678362542
9,30,2,47.602739726027394,17375.0,595.5,467.7913160429972,XGBoost,0.95,1.645,7.7522451797293375,33.739793634899215,366.958971717091,267.63545165639783,31875.382292276983
9,31,1,68.13698630136986,24870.0,198.8,968.6353943373006,XGBoost,0.95,1.645,13.55424768092612,58.99162230144085,535.9505264110298,543.3093194700912,21601.978542130826
9,31,2,68.13698630136986,24870.0,198.8,968.6353943373006,XGBoost,0.95,1.645,9.755083796123111,42.45666984746146,519.4155739570505,526.7743670161118,20944.54883256061
9,32,1,51.465753424657535,18785.0,462.3,552.0447507934933,XGBoost,0.95,1.645,10.517316733184618,45.77410646123433,406.0343804338371,321.796481857981,29753.302712588928
9,32,2,51.465753424657535,18785.0,462.3,552.0447507934933,XGBoost,0.95,1.645,7.04660393080871,30.668658813066124,390.9289327856689,306.6910342098128,28356.653023039296
9,33,1,81.90958904109588,29897.0,130.37,1311.461677961123,XGBoost,0.95,1.645,15.839164147110823,68.93617491229452,642.3032981999658,724.6670138928561,18894.96772024233
9,33,2,81.90958904109588,29897.0,130.37,1311.461677961123,XGBoost,0.95,1.645,10.804378509247876,47.02347420700267,620.3905974946739,702.7543131875642,18323.61596205255
9,34,1,30.246575342465754,11040.0,1384.8,244.52408415049027,XGBoost,0.95,1.645,7.124649512339127,31.00833354650172,242.734360943762,153.27037562174687,42449.76323219901
9,34,2,30.246575342465754,11040.0,1384.8,244.52408415049027,XGBoost,0.95,1.645,5.435480579556815,23.65662963553899,235.38265703279927,145.9186717107841,40413.635317018765
9,35,1,77.41643835616438,28257.0,167.93,1123.3873095340077,XGBoost,0.95,1.645,15.226134270889794,66.26810894737783,608.1831774405285,627.9617637143817,21090.72379611123
9,35,2,77.41643835616438,28257.0,167.93,1123.3873095340077,XGBoost,0.95,1.645,9.342329912873167,40.66025725730359,582.5753257504542,602.3539120243074,20230.65848924839
9,36,1,90.5095890410959,33036.0,78.57,1775.8079006146618,XGBoost,0.95,1.645,14.20169030941491,61.80946154274452,695.3765848304158,949.7134118500754,14923.796553812084
9,36,2,90.5095890410959,33036.0,78.57,1775.8079006146618,XGBoost,0.95,1.645,10.180573317376435,44.30851125702333,677.8756345446947,932.2124615643543,14648.786621022262
9,37,1,34.47945205479452,12585.0,1169.73,284.06284178711803,XGBoost,0.95,1.645,9.6498355595237,41.9986020618106,283.3547664453722,184.03002295536962,43053.0877503169
9,37,2,34.47945205479452,12585.0,1169.73,284.06284178711803,XGBoost,0.95,1.645,6.883253014761133,29.95771300707841,271.3138773906401,171.98913390063743,40236.16991951853
9,38,1,94.36164383561643,34442.0,66.37,1972.8265505267211,XGBoost,0.95,1.645,16.01368188907627,69.6957216581765,730.2272285074915,1056.108996921537,14018.790825136484
9,38,2,94.36164383561643,34442.0,66.37,1972.8265505267211,XGBoost,0.95,1.645,11.054411436002164,48.111682739503465,708.6431895888186,1034.524958002864,13732.284292530017
9,39,1,52.010958904109586,18984.0,503.01,532.0300770283256,XGBoost,0.95,1.645,12.092230964112497,52.628544099909206,416.7052564286763,318.64358261407205,32056.181698140877
9,39,2,52.010958904109586,18984.0,503.01,532.0300770283256,XGBoost,0.95,1.645,7.83189369731027,34.08644476424341,398.1631570930105,300.10148327840625,30190.809420774225
9,40,1,34.016438356164386,12416.0,1272.73,270.49132611301377,XGBoost,0.95,1.645,9.940404117446924,43.26323223717641,281.3783007303271,178.50889529368328,45438.725261425905
9,40,2,34.016438356164386,12416.0,1272.73,270.49132611301377,XGBoost,0.95,1.645,6.4009863687911475,27.858762737217315,265.97383123036803,163.1044257937242,41517.57916808932
9,41,1,25.97808219178082,9482.0,2111.73,183.51070866162183,XGBoost,0.95,1.645,8.529557109346614,37.12285795848501,218.96943330095075,128.87821228929593,54431.19744753498
9,41,2,25.97808219178082,9482.0,2111.73,183.51070866162183,XGBoost,0.95,1.645,5.691218438012438,24.769667519258896,206.61624286172463,116.5250218500698,49213.876878289586
9,42,1,42.92328767123288,15667.0,704.99,408.2555289472325,XGBoost,0.95,1.645,10.882906289554024,47.36524759531915,347.8282612939493,251.4930120689354,35460.01171569576
9,42,2,42.92328767123288,15667.0,704.99,408.2555289472325,XGBoost,0.95,1.645,7.328049661720511,31.893584065071515,332.3565977637017,236.02134853868776,33278.5381012579
9,43,1,60.64657534246575,22136.0,358.9,680.1324179004225,XGBoost,0.95,1.645,14.030970453540691,61.066444188025486,485.5924715852857,401.1326531382367,28793.301842262634
9,43,2,60.64657534246575,22136.0,358.9,680.1324179004225,XGBoost,0.95,1.645,8.552742259766442,37.223765782273205,461.7497931795334,377.28997473248444,27081.87438629773
9,44,1,34.28767123287671,12515.0,908.1,321.49869975039695,XGBoost,0.95,1.645,7.470246764172533,32.51246295511964,272.5261615852566,193.26181283031812,35100.21044624238
9,44,2,34.28767123287671,12515.0,908.1,321.49869975039695,XGBoost,0.95,1.645,5.596630796661591,24.357997425550526,264.3716960556875,185.107347300749,33619.19641676204
9,45,1,95.14520547945206,34728.0,61.0,2066.3581648818217,XGBoost,0.95,1.645,13.693225313765561,59.596489219753835,725.6129275759182,1092.7755716606648,13331.861974260111
9,45,2,95.14520547945206,34728.0,61.0,2066.3581648818217,XGBoost,0.95,1.645,9.84259810811103,42.83755496630334,708.8539933224677,1076.0166374072141,13127.402976368014
9,46,1,68.74794520547945,25093.0,216.31,932.7572349541186,XGBoost,0.95,1.645,12.229427082468275,53.22565740238022,534.4612738407363,519.6042748794396,22479.120139834315
9,46,2,68.74794520547945,25093.0,216.31,932.7572349541186,XGBoost,0.95,1.645,8.511737468348148,37.045302231595926,518.280918669952,503.42391970865526,21779.125614435845
9,47,1,25.55890410958904,9329.0,1940.83,189.86916039302486,XGBoost,0.95,1.645,7.730739517833619,33.64619538335774,212.55852415048102,128.58077557987016,49910.685333735884
9,47,2,25.55890410958904,9329.0,1940.83,189.86916039302486,XGBoost,0.95,1.645,5.091198235598916,22.15822304906355,201.07055181618682,117.09280324557598,45451.44506462225
9,48,1,60.11506849315069,21942.0,329.86,706.3239129159874,XGBoost,0.95,1.645,12.312249813135724,53.58612353525041,474.3916029873052,406.7480799932441,26833.984333314304
9,48,2,60.11506849315069,21942.0,329.86,706.3239129159874,XGBoost,0.95,1.645,7.7675786174602415,33.80652875650077,454.61200820855555,386.9684852144945,25529.08490657063
9,49,1,35.18082191780822,12841.0,988.06,312.2039516253456,XGBoost,0.95,1.645,8.80962722097679,38.34179615646847,284.607549581126,194.44377196914127,38424.42266636594
9,49,2,35.18082191780822,12841.0,988.06,312.2039516253456,XGBoost,0.95,1.645,5.64554158599206,24.570869941869425,270.83662336652696,180.67284575454224,35703.1223952466
9,50,1,77.12054794520547,28149.0,154.34,1169.5609766324383,XGBoost,0.95,1.645,13.637866398540625,59.35555277718296,599.1993883936213,644.1360410934021,19883.191316471137
9,50,2,77.12054794520547,28149.0,154.34,1169.5609766324383,XGBoost,0.95,1.645,8.733033104871001,38.00843857925791,577.8522741956963,622.7889268954771,19224.248595409586
10,1,1,27.616438356164384,10080.0,2297.68,181.3911631871265,XGBoost,0.95,1.645,6.395499417917784,27.834882095434182,221.14995058858486,118.53046368899743,54469.01516178712
10,1,2,27.616438356164384,10080.0,2297.68,181.3911631871265,XGBoost,0.95,1.645,4.288118619861935,18.663011032522824,211.9780795256735,109.35859262608608,50254.210221021094
10,2,1,73.37260273972603,26781.0,235.35,923.8190746030211,XGBoost,0.95,1.645,13.482890717227148,58.68105817791292,572.2892773559952,520.5905954794234,24504.199329216463
10,2,2,73.37260273972603,26781.0,235.35,923.8190746030211,XGBoost,0.95,1.645,8.234841866635994,35.8401803290266,549.4483995071088,497.7497176305372,23429.079208869385
10,3,1,46.11780821917808,16833.0,767.06,405.6922630407011,XGBoost,0.95,1.645,10.849682005375712,47.22064684213675,370.04530437638334,250.0667783624873,38363.2446021459
10,3,2,46.11780821917808,16833.0,767.06,405.6922630407011,XGBoost,0.95,1.645,7.542806693743599,32.82826269998479,355.6529202342314,235.67439422033533,36155.280166130084
10,4,1,27.424657534246574,10010.0,1783.76,205.15375008551266,XGBoost,0.95,1.645,8.59646367809188,37.414052802036544,229.38665554176256,139.99092784479288,49942.04349048555
10,4,2,27.424657534246574,10010.0,1783.76,205.15375008551266,XGBoost,0.95,1.645,5.925738418974425,25.79035966424007,217.7629624039661,128.36723470699638,45795.26771619038
10,5,1,23.413698630136988,8546.0,2500.0,160.11870596529315,XGBoost,0.95,1.645,7.722515340974793,33.61040161992528,197.5062920308842,113.66975460257186,56834.87730128593
10,5,2,23.413698630136988,8546.0,2500.0,160.11870596529315,XGBoost,0.95,1.645,5.419651692603692,23.587738189656317,187.48362860061522,103.6470911723029,51823.54558615145
10,6,1,73.53150684931506,26839.0,278.63,849.9626842513421,XGBoost,0.95,1.645,13.487815456578986,58.70249192846961,573.4230398736751,483.6838340541407,26953.76533650104
10,6,2,73.53150684931506,26839.0,278.63,849.9626842513421,XGBoost,0.95,1.645,8.445762430952001,36.75816165551853,551.478709600724,461.73950378118957,25730.89558771057
10,7,1,72.86849315068493,26597.0,256.08,882.5902546698768,XGBoost,0.95,1.645,11.75006480550589,51.139347704209534,561.218799759004,492.4344750391479,25220.524073605
10,7,2,72.86849315068493,26597.0,256.08,882.5902546698768,XGBoost,0.95,1.645,7.386952085046798,32.14994277942448,542.229394834219,473.44507011436286,24247.96271097721
10,8,1,96.17260273972603,35103.0,85.49,1754.8705678837298,XGBoost,0.95,1.645,17.504145983523955,76.18261026928305,749.3908294473653,953.6178942111479,16304.958755222206
10,8,2,96.17260273972603,35103.0,85.49,1754.8705678837298,XGBoost,0.95,1.645,11.007595843482955,47.90792906635805,721.1161482444403,925.343213008223,15821.518256014595
10,9,1,64.43561643835616,23519.0,303.16,762.7884502389361,XGBoost,0.95,1.645,13.21914142265759,57.533152433987794,508.5824675024809,438.9273775534558,26613.044755821134
10,9,2,64.43561643835616,23519.0,303.16,762.7884502389361,XGBoost,0.95,1.645,9.443793466731588,41.10185311621658,492.1511681847097,422.49607823568465,25616.782215586034
10,10,1,91.95342465753424,33563.0,93.02,1645.0263186057578,XGBoost,0.95,1.645,15.024156373163676,65.38904843908674,709.0630210418265,887.9022077419656,16518.532672831527
10,10,2,91.95342465753424,33563.0,93.02,1645.0263186057578,XGBoost,0.95,1.645,10.49996968616243,45.69860758663296,689.3725801893727,868.2117668895119,16152.211711212478
10,11,1,86.82739726027397,31692.0,101.21,1532.476215622117,XGBoost,0.95,1.645,13.352774387779181,58.11475796393307,665.9065387858509,824.3528657749916,16686.55070901738
10,11,2,86.82739726027397,31692.0,101.21,1532.476215622117,XGBoost,0.95,1.645,9.897302827858766,43.07564417947346,650.8674250013912,809.313751990532,16382.128967792349
10,12,1,87.2931506849315,31862.0,110.12,1473.1061647456697,XGBoost,0.95,1.645,18.52447664764861,80.6233555306613,691.6754103251818,817.1764379034962,17997.493868386602
10,12,2,87.2931506849315,31862.0,110.12,1473.1061647456697,XGBoost,0.95,1.645,11.10492514744576,48.331531591071816,659.3835863855923,784.8846139639066,17286.29873794108
10,13,1,105.54246575342465,38523.0,47.35,2470.191883410253,XGBoost,0.95,1.645,17.376782787060062,75.62829240836074,814.4255526823333,1310.7242341134872,12412.558497054724
10,13,2,105.54246575342465,38523.0,47.35,2470.191883410253,XGBoost,0.95,1.645,9.936384577991934,43.24573815274351,782.0429984267162,1278.34167985787,12105.895708254031
10,14,1,73.62465753424658,26873.0,182.71,1050.2859333735094,XGBoost,0.95,1.645,12.585090223706931,54.77359618794778,570.1461989276738,579.9165628747024,21191.311040567376
10,14,2,73.62465753424658,26873.0,182.71,1050.2859333735094,XGBoost,0.95,1.645,8.446444940720282,36.76113211610146,552.1337348558275,561.9040988028561,20533.099578453966
10,15,1,109.82465753424657,40086.0,40.0,2741.5552155665223,XGBoost,0.95,1.645,17.694519897425366,77.01116721241186,845.7837699521378,1447.788774995673,11582.310199965385
10,15,2,109.82465753424657,40086.0,40.0,2741.5552155665223,XGBoost,0.95,1.645,11.47088243862137,49.92427320297771,818.6968759427036,1420.7018809862388,11365.61504788991
10,16,1,32.25479452054795,11773.0,1506.73,242.07864845292514,XGBoost,0.95,1.645,8.570684989246896,37.3018572223505,263.08541886618616,158.34118144881307,47715.48166487402
10,16,2,32.25479452054795,11773.0,1506.73,242.07864845292514,XGBoost,0.95,1.645,5.719156022466783,24.89125917590721,250.67482081974285,145.9305834023698,43975.59758597053
10,17,1,41.273972602739725,15065.0,834.61,367.9369531787746,XGBoost,0.95,1.645,8.24670372406273,35.89180622738585,324.80961444656396,219.86028281677315,36699.51812834141
10,17,2,41.273972602739725,15065.0,834.61,367.9369531787746,XGBoost,0.95,1.645,5.699735182039751,24.80673461134135,313.72454283051945,208.77521120072865,34849.175804048034
10,18,1,105.1917808219178,38395.0,51.52,2364.177285892586,XGBoost,0.95,1.645,15.13766655985029,65.88307438711524,802.2255401405399,1247.9717173334084,12859.100575403443
10,18,2,105.1917808219178,38395.0,51.52,2364.177285892586,XGBoost,0.95,1.645,9.080681846520662,39.52149660680361,775.8639623602282,1221.6101395530966,12587.47087795511
10,19,1,50.84109589041096,18557.0,547.3,504.2800549646902,XGBoost,0.95,1.645,11.767780155364798,51.216449528849,407.10412076172577,303.3564770111941,33205.399973645304
10,19,2,50.84109589041096,18557.0,547.3,504.2800549646902,XGBoost,0.95,1.645,7.189524077891042,31.290684581992544,387.1783558148693,283.4307120643376,31024.325742562396
10,20,1,59.95616438356164,21884.0,424.89,621.5208892495041,XGBoost,0.95,1.645,11.814030181341884,51.41774170884298,471.11089239377446,362.178186333595,30777.177918256242
10,20,2,59.95616438356164,21884.0,424.89,621.5208892495041,XGBoost,0.95,1.645,7.742668107782609,33.6981117190648,453.3912624039963,344.45855634381684,29271.39920098487
10,21,1,50.75890410958904,18527.0,647.93,463.093982812958,XGBoost,0.95,1.645,10.091601480890736,43.921282611289215,399.2336113784125,275.46827401776824,35696.83175686651
10,21,2,50.75890410958904,18527.0,647.93,463.093982812958,XGBoost,0.95,1.645,7.009294472250388,30.506278315132548,385.8186070822558,262.05326972161157,33958.435010144756
10,22,1,100.78630136986301,36787.0,72.21,1954.6956449523063,XGBoost,0.95,1.645,15.746134601776925,68.5312860589696,774.0353956480106,1045.8791085351227,15104.586085464241
10,22,2,100.78630136986301,36787.0,72.21,1954.6956449523063,XGBoost,0.95,1.645,10.349541960066155,45.04390687506017,750.5480164641012,1022.3917293512134,14765.381355290223
10,23,1,37.010958904109586,13509.0,1075.06,306.99116779261476,XGBoost,0.95,1.645,8.384362791357768,36.490934404427,295.56764673319407,189.9865183007344,40849.3812728775
10,23,2,37.010958904109586,13509.0,1075.06,306.99116779261476,XGBoost,0.95,1.645,6.061252236583789,26.38015115493915,285.45686348370623,179.87573505124652,38675.44154483862
10,24,1,82.3013698630137,30040.0,141.85,1260.2767542712047,XGBoost,0.95,1.645,14.108260008866548,61.40282849816653,637.5124175392624,691.5412056337689,19619.02400383002
10,24,2,82.3013698630137,30040.0,141.85,1260.2767542712047,XGBoost,0.95,1.645,9.55251709203891,41.57504670027647,617.6846357413724,671.7134238358789,19056.509834223885
10,25,1,100.27671232876712,36601.0,56.06,2212.842788649459,XGBoost,0.95,1.645,17.60494436043653,76.62131110457858,778.5582974059485,1183.0427054293082,13264.274813273405
10,25,2,100.27671232876712,36601.0,56.06,2212.842788649459,XGBoost,0.95,1.645,11.211811858531796,48.796730445177445,750.7337167465473,1155.218124769907,12952.3056149202
10,26,1,60.364383561643834,22033.0,390.5,650.5144226567978,XGBoost,0.95,1.645,12.966880520940197,56.43524717315398,478.98593210466083,381.6924585015529,29810.181008971285
10,26,2,60.364383561643834,22033.0,390.5,650.5144226567978,XGBoost,0.95,1.645,8.418650226934853,36.64016226988018,459.19084720138704,361.8973735982791,28264.1848780256
10,27,1,27.205479452054796,9930.0,1639.41,213.13828454802191,XGBoost,0.95,1.645,6.886007888065183,29.969702934462546,220.40805909884614,136.5388452084735,44768.629644644716
10,27,2,27.205479452054796,9930.0,1639.41,213.13828454802191,XGBoost,0.95,1.645,4.997425486154674,21.750099577543484,212.18845574192707,128.31924185155444,42073.56965677138
10,28,1,110.34794520547945,40277.0,43.52,2634.6003540831944,XGBoost,0.95,1.645,14.983933902785937,65.21398975369074,837.6496061920469,1382.514166795288,12033.403307786188
10,28,2,110.34794520547945,40277.0,43.52,2634.6003540831944,XGBoost,0.95,1.645,10.27181376816165,44.705613504085626,817.1412299424418,1362.0057905456829,11854.898400909624
10,29,1,87.13424657534246,31804.0,119.82,1410.9344790443795,XGBoost,0.95,1.645,16.429103213313056,71.50374364746233,681.4434696748596,776.9709831696521,18619.33264067754
10,29,2,87.13424657534246,31804.0,119.82,1410.9344790443795,XGBoost,0.95,1.645,10.890217828178141,47.39706931904073,657.336795346438,752.8643088412305,18041.640297071244
10,30,1,50.76986301369863,18531.0,595.5,483.10237974977855,XGBoost,0.95,1.645,11.107147658016883,48.34120453694525,403.7302456328357,289.8923944118345,34526.184174449496
10,30,2,50.76986301369863,18531.0,595.5,483.10237974977855,XGBoost,0.95,1.645,7.064392749012864,30.74608039111248,386.1351214870029,272.29727026600176,32430.604888680813
10,31,1,73.7013698630137,26901.0,198.8,1007.4109194183773,XGBoost,0.95,1.645,12.227224407951628,53.216070788191224,569.1256598292871,556.9215304973799,22143.200052575827
10,31,2,73.7013698630137,26901.0,198.8,1007.4109194183773,XGBoost,0.95,1.645,8.024607432278481,34.92518521912994,550.8347742602258,538.6306449283186,21415.95444234995
10,32,1,55.00547945205479,20077.0,462.3,570.7134326379404,XGBoost,0.95,1.645,10.169484674160422,44.26025058864592,429.2986067530295,329.61696690761613,30476.38476027819
10,32,2,55.00547945205479,20077.0,462.3,570.7134326379404,XGBoost,0.95,1.645,7.032963043771049,30.60929011367938,415.64764627806295,315.9660064326496,29214.216954762782
10,33,1,87.98356164383561,32114.0,130.37,1359.2176345409503,XGBoost,0.95,1.645,14.275575116667286,62.13102750094819,678.0159590077975,741.7398447714233,19340.124712570094
10,33,2,87.98356164383561,32114.0,130.37,1359.2176345409503,XGBoost,0.95,1.645,9.366080352221166,40.76362536599487,656.6485568728442,720.3724426364699,18782.99106930332
10,34,1,32.27945205479452,11782.0,1384.8,252.60771678406059,XGBoost,0.95,1.645,6.933123649235951,30.174763019895554,256.1309274034572,156.47862141192584,43338.31898624698
10,34,2,32.27945205479452,11782.0,1384.8,252.60771678406059,XGBoost,0.95,1.645,4.6066062143853825,20.049152139436547,246.00531652299819,146.35301053146685,40533.929796795055
10,35,1,82.03287671232877,29942.0,167.93,1156.396825306414,XGBoost,0.95,1.645,12.091559248686695,52.62562061912106,626.8557576054225,630.824033272328,21186.855981484412
10,35,2,82.03287671232877,29942.0,167.93,1156.396825306414,XGBoost,0.95,1.645,8.880573800455151,38.65057418079631,612.8807111670977,616.8489868340033,20717.49007180684
10,36,1,95.92054794520548,35011.0,78.57,1828.1192124438858,XGBoost,0.95,1.645,14.644191378738665,63.7353416479358,735.1791772643742,977.7949478698787,15365.069810827272
10,36,2,95.92054794520548,35011.0,78.57,1828.1192124438858,XGBoost,0.95,1.645,9.456732751059652,41.15816825755831,712.6020038739966,955.2177744795011,15010.29210817088
10,37,1,36.534246575342465,13335.0,1169.73,292.4046855223275,XGBoost,0.95,1.645,7.564430999102412,32.922377318832524,288.66210334622974,179.12472007999628,41905.51176383482
10,37,2,36.534246575342465,13335.0,1169.73,292.4046855223275,XGBoost,0.95,1.645,5.728081725744996,24.930106165349788,280.66983219274704,171.13244892651355,40035.75189656214
10,38,1,100.25479452054795,36593.0,66.37,2033.497911534496,XGBoost,0.95,1.645,16.380654689754575,71.29288303239136,773.076444676227,1088.0418387996394,14442.667368226415
10,38,2,100.25479452054795,36593.0,66.37,2033.497911534496,XGBoost,0.95,1.645,10.731891910035568,46.70799361499123,748.4915552588268,1063.4569493822394,14116.327546099847
10,39,1,54.58904109589041,19925.0,503.01,545.056454906287,XGBoost,0.95,1.645,11.895608202420524,51.7727905408296,433.89607821206243,324.30101799397306,32625.33101222968
10,39,2,54.58904109589041,19925.0,503.01,545.056454906287,XGBoost,0.95,1.645,7.822430042198771,34.04525646806714,416.16854413929997,306.5734839212106,30841.90562944163
10,40,1,36.52876712328767,13333.0,1272.73,280.3021511207813,XGBoost,0.95,1.645,9.3599963553719,40.737146224351314,296.43851608736503,180.88822178474194,46044.37330241893
10,40,2,36.52876712328767,13333.0,1272.73,280.3021511207813,XGBoost,0.95,1.645,6.100479277974534,26.550877473669644,282.25224733668335,166.7019530340603,42433.315337007916
10,41,1,27.424657534246574,10010.0,2111.73,188.5508417532067,XGBoost,0.95,1.645,6.477274765661173,28.190789744549633,220.16339248427568,122.46621062115298,51723.11419100148
10,41,2,27.424657534246574,10010.0,2111.73,188.5508417532067,XGBoost,0.95,1.645,4.935272608731554,21.47959403889585,213.45219677862187,115.7550149154992,48888.66752950143
10,42,1,46.3041095890411,16901.0,704.99,424.02879937691876,XGBoost,0.95,1.645,9.524097483303937,41.4513571481955,365.58012427148316,253.46575683665486,35738.16478245467
10,42,2,46.3041095890411,16901.0,704.99,424.02879937691876,XGBoost,0.95,1.645,6.5575229782605575,28.540050903078587,352.66881802636624,240.55445059153797,33917.69642450567
10,43,1,64.9972602739726,23724.0,358.9,704.1057001629446,XGBoost,0.95,1.645,12.321210624245245,53.6251233231347,508.6059452409429,405.677973404607,29119.564930982688
10,43,2,64.9972602739726,23724.0,358.9,704.1057001629446,XGBoost,0.95,1.645,8.83551489619429,38.45446607328298,493.4352879910912,390.50731615475524,28030.615153588333
10,44,1,36.61095890410959,13363.0,908.1,332.21235362673286,XGBoost,0.95,1.645,7.932549803987222,34.52452640235426,290.8012387311214,200.6307032157207,36438.5483180392
10,44,2,36.61095890410959,13363.0,908.1,332.21235362673286,XGBoost,0.95,1.645,5.155489099238424,22.438033661539844,278.714745990307,188.54421047490627,34243.39950645248
10,45,1,102.21095890410959,37307.0,61.0,2141.711051824731,XGBoost,0.95,1.645,16.693818860613632,72.65585521060075,788.1325675393679,1143.5113811229662,13950.838849700189
10,45,2,102.21095890410959,37307.0,61.0,2141.711051824731,XGBoost,0.95,1.645,9.833249281020636,42.79686643163431,758.2735787604014,1113.6523923439997,13586.559186596798
10,46,1,73.88493150684931,26968.0,216.31,966.978243497224,XGBoost,0.95,1.645,14.988257866252006,65.23280877084613,582.4273293187914,548.721930519458,23738.808158132793
10,46,2,73.88493150684931,26968.0,216.31,966.978243497224,XGBoost,0.95,1.645,9.3947155338246,40.88825314744379,558.082773695389,524.3773748960558,22685.613992753166
10,47,1,27.972602739726028,10210.0,1940.83,198.63224650407832,XGBoost,0.95,1.645,8.563825462118448,37.2720027705909,233.0802219486731,136.58812602263006,53018.86652570022
10,47,2,27.972602739726028,10210.0,1940.83,198.63224650407832,XGBoost,0.95,1.645,5.34000918261839,23.241113206935726,219.04933238501792,122.55723645897488,47572.552247334446
10,48,1,64.52602739726028,23552.0,329.86,731.7785929175061,XGBoost,0.95,1.645,12.331869766770048,53.67151469244436,505.3537064732663,419.5608111511974,27679.2658332668
10,48,2,64.52602739726028,23552.0,329.86,731.7785929175061,XGBoost,0.95,1.645,8.390410117975085,36.5172539476536,488.19944572847555,402.40655040640667,26547.564943411464
10,49,1,36.512328767123286,13327.0,988.06,318.05715623820504,XGBoost,0.95,1.645,9.133996131598659,39.753534285517304,295.3398356553803,198.78211240461982,39281.73079650173
10,49,2,36.512328767123286,13327.0,988.06,318.05715623820504,XGBoost,0.95,1.645,6.6112781011637125,28.77400722302491,284.3603085928879,187.80258534212743,37112.044494628484
10,50,1,82.71232876712328,30190.0,154.34,1211.2197401951828,XGBoost,0.95,1.645,12.474876807475166,54.29391864508828,633.2802200149513,659.9037887426797,20369.91015090904
10,50,2,82.71232876712328,30190.0,154.34,1211.2197401951828,XGBoost,0.95,1.645,9.3738700630226,40.797528219790465,619.7838295896535,646.4073983173819,19953.303571260945
